ID,Timestamp (EAT),Device ID,PM1,PM2.5,PM10,CO,CO2,Temperature,Humidity,VOC Index,NOx Index,Latitude,Longitude
1589,2026-03-10 10:07:46,868428040514113,76.0,109.0,110.0,0.65,-1.0,32.2,45.0,100.0,1.0,-1.2833,36.8167
1588,2026-03-10 10:02:46,868428040514113,77.0,108.0,110.0,0.0,-1.0,32.5,44.5,100.0,1.0,-1.2833,36.8167
1587,2026-03-10 09:57:46,868428040514113,79.0,109.0,111.0,1.94,-1.0,32.8,44.3,100.0,1.0,-1.2833,36.8167
1586,2026-03-10 09:52:45,868428040514113,79.0,112.0,113.0,1.94,-1.0,32.8,44.1,100.0,1.0,-1.2833,36.8167
1585,2026-03-10 09:47:45,868428040514113,59.0,81.0,83.0,1.94,-1.0,32.8,44.0,100.0,1.0,-1.2833,36.8167
1584,2026-03-10 09:42:45,868428040514113,34.0,51.0,64.0,1.94,-1.0,32.9,44.2,100.0,1.0,-1.2833,36.8167
1583,2026-03-10 09:37:44,868428040514113,23.0,34.0,39.0,1.29,-1.0,32.8,44.5,100.0,1.0,-1.2833,36.8167
1582,2026-03-10 09:32:44,868428040514113,23.0,35.0,40.0,1.94,-1.0,32.7,44.6,100.0,1.0,-1.2833,36.8167
1581,2026-03-10 09:27:44,868428040514113,20.0,31.0,34.0,2.58,-1.0,32.7,44.5,100.0,1.0,-1.2833,36.8167
1580,2026-03-10 09:22:43,868428040514113,19.0,30.0,31.0,1.94,-1.0,32.8,44.4,100.0,1.0,-1.2833,36.8167
1579,2026-03-10 09:17:43,868428040514113,20.0,30.0,31.0,1.94,-1.0,32.8,44.3,100.0,1.0,-1.2833,36.8167
1578,2026-03-10 09:12:42,868428040514113,19.0,28.0,30.0,1.94,-1.0,32.8,44.4,100.0,1.0,-1.2833,36.8167
1577,2026-03-10 09:07:42,868428040514113,20.0,30.0,30.0,1.94,-1.0,32.8,44.5,100.0,1.0,-1.2833,36.8167
1576,2026-03-10 09:02:42,868428040514113,22.0,34.0,39.0,1.94,-1.0,32.8,44.6,100.0,1.0,-1.2833,36.8167
1575,2026-03-10 08:57:41,868428040514113,20.0,33.0,36.0,1.94,-1.0,32.8,44.6,100.0,1.0,-1.2833,36.8167
1574,2026-03-10 08:52:41,868428040514113,19.0,31.0,32.0,1.94,-1.0,32.8,44.6,100.0,1.0,-1.2833,36.8167
1573,2026-03-10 08:47:40,868428040514113,20.0,29.0,30.0,1.94,-1.0,32.9,44.6,100.0,1.0,-1.2833,36.8167
1572,2026-03-10 08:42:40,868428040514113,21.0,32.0,35.0,1.94,-1.0,32.9,44.9,100.0,1.0,-1.2833,36.8167
1571,2026-03-10 08:37:40,868428040514113,22.0,30.0,32.0,1.94,-1.0,32.8,44.8,100.0,1.0,-1.2833,36.8167
1570,2026-03-10 08:32:39,868428040514113,21.0,36.0,44.0,1.94,-1.0,32.8,44.8,100.0,1.0,-1.2833,36.8167
1569,2026-03-10 08:27:39,868428040514113,22.0,35.0,43.0,1.94,-1.0,32.8,44.8,100.0,1.0,-1.2833,36.8167
1568,2026-03-10 08:22:39,868428040514113,22.0,38.0,44.0,1.94,-1.0,32.9,44.8,100.0,1.0,-1.2833,36.8167
1567,2026-03-10 08:17:38,868428040514113,23.0,36.0,45.0,1.94,-1.0,32.8,44.8,100.0,1.0,-1.2833,36.8167
1566,2026-03-10 08:12:38,868428040514113,22.0,35.0,40.0,1.94,-1.0,32.8,44.8,100.0,1.0,-1.2833,36.8167
1565,2026-03-10 08:07:37,868428040514113,23.0,33.0,35.0,1.94,-1.0,32.8,44.8,100.0,1.0,-1.2833,36.8167
1564,2026-03-10 08:02:37,868428040514113,22.0,35.0,38.0,1.94,-1.0,32.8,44.8,100.0,1.0,-1.2833,36.8167
1563,2026-03-10 07:57:36,868428040514113,23.0,38.0,45.0,1.94,-1.0,32.8,44.8,100.0,1.0,-1.2833,36.8167
1562,2026-03-10 07:52:36,868428040514113,22.0,36.0,43.0,1.94,-1.0,32.9,44.8,100.0,1.0,-1.2833,36.8167
1561,2026-03-10 07:47:36,868428040514113,24.0,39.0,48.0,1.29,-1.0,32.8,44.8,100.0,1.0,-1.2833,36.8167
1560,2026-03-10 07:42:35,868428040514113,23.0,38.0,45.0,1.29,-1.0,32.8,44.8,100.0,1.0,-1.2833,36.8167
1559,2026-03-10 07:37:35,868428040514113,23.0,40.0,48.0,1.94,-1.0,32.8,44.8,100.0,1.0,-1.2833,36.8167
1558,2026-03-10 07:32:35,868428040514113,24.0,39.0,47.0,1.94,-1.0,32.8,44.8,100.0,1.0,-1.2833,36.8167
1557,2026-03-10 07:27:34,868428040514113,24.0,37.0,43.0,1.94,-1.0,32.9,44.8,100.0,1.0,-1.2833,36.8167
1556,2026-03-10 07:22:34,868428040514113,25.0,38.0,47.0,1.94,-1.0,32.8,44.8,100.0,1.0,-1.2833,36.8167
1555,2026-03-10 07:17:33,868428040514113,23.0,38.0,46.0,1.94,-1.0,32.8,44.8,100.0,1.0,-1.2833,36.8167
1554,2026-03-10 07:12:33,868428040514113,24.0,40.0,50.0,1.94,-1.0,32.9,44.8,100.0,1.0,-1.2833,36.8167
1553,2026-03-10 07:07:32,868428040514113,23.0,39.0,46.0,1.94,-1.0,32.8,44.8,100.0,1.0,-1.2833,36.8167
1552,2026-03-10 07:02:32,868428040514113,23.0,39.0,47.0,1.94,-1.0,32.8,44.8,100.0,1.0,-1.2833,36.8167
1551,2026-03-10 06:57:31,868428040514113,24.0,40.0,47.0,1.29,-1.0,32.8,44.8,100.0,1.0,-1.2833,36.8167
1550,2026-03-10 06:52:31,868428040514113,24.0,37.0,46.0,1.94,-1.0,32.8,44.8,100.0,1.0,-1.2833,36.8167
1549,2026-03-10 06:47:30,868428040514113,24.0,39.0,48.0,1.94,-1.0,32.8,44.8,100.0,1.0,-1.2833,36.8167
1548,2026-03-10 06:42:30,868428040514113,25.0,39.0,46.0,1.94,-1.0,32.9,44.8,100.0,1.0,-1.2833,36.8167
1547,2026-03-10 06:37:30,868428040514113,23.0,39.0,47.0,1.94,-1.0,32.9,44.9,100.0,1.0,-1.2833,36.8167
1546,2026-03-10 06:32:30,868428040514113,24.0,41.0,49.0,1.29,-1.0,32.9,44.8,100.0,1.0,-1.2833,36.8167
1545,2026-03-10 06:27:29,868428040514113,24.0,40.0,47.0,1.94,-1.0,32.9,44.9,100.0,1.0,-1.2833,36.8167
1544,2026-03-10 06:22:29,868428040514113,26.0,41.0,49.0,1.94,-1.0,32.9,44.9,100.0,1.0,-1.2833,36.8167
1543,2026-03-10 06:17:28,868428040514113,25.0,42.0,53.0,1.94,-1.0,32.9,44.8,100.0,1.0,-1.2833,36.8167
1542,2026-03-10 06:12:28,868428040514113,27.0,44.0,55.0,1.94,-1.0,32.9,44.9,100.0,1.0,-1.2833,36.8167
1541,2026-03-10 06:07:28,868428040514113,27.0,45.0,53.0,1.94,-1.0,32.9,44.8,100.0,1.0,-1.2833,36.8167
1540,2026-03-10 06:02:27,868428040514113,27.0,44.0,56.0,1.94,-1.0,32.9,44.8,100.0,1.0,-1.2833,36.8167
1539,2026-03-10 05:57:26,868428040514113,26.0,43.0,57.0,1.94,-1.0,32.9,44.8,100.0,1.0,-1.2833,36.8167
1538,2026-03-10 05:52:26,868428040514113,28.0,47.0,62.0,1.94,-1.0,33.0,44.7,100.0,1.0,-1.2833,36.8167
1537,2026-03-10 05:47:26,868428040514113,26.0,45.0,55.0,1.94,-1.0,33.0,44.7,100.0,1.0,-1.2833,36.8167
1536,2026-03-10 05:42:25,868428040514113,28.0,45.0,56.0,2.58,-1.0,32.9,44.9,100.0,1.0,-1.2833,36.8167
1535,2026-03-10 05:37:25,868428040514113,28.0,46.0,56.0,1.94,-1.0,32.9,44.9,100.0,1.0,-1.2833,36.8167
1534,2026-03-10 05:32:24,868428040514113,28.0,48.0,60.0,1.94,-1.0,32.9,44.9,100.0,1.0,-1.2833,36.8167
1533,2026-03-10 05:27:24,868428040514113,28.0,46.0,57.0,1.29,-1.0,32.9,44.9,100.0,1.0,-1.2833,36.8167
1532,2026-03-10 05:22:24,868428040514113,28.0,48.0,60.0,1.94,-1.0,32.9,44.9,100.0,1.0,-1.2833,36.8167
1531,2026-03-10 05:17:24,868428040514113,30.0,48.0,58.0,1.29,-1.0,32.9,44.9,100.0,1.0,-1.2833,36.8167
1530,2026-03-10 05:12:23,868428040514113,28.0,49.0,59.0,1.94,-1.0,33.0,44.8,100.0,1.0,-1.2833,36.8167
1529,2026-03-10 05:07:22,868428040514113,29.0,49.0,62.0,1.94,-1.0,32.9,44.9,100.0,1.0,-1.2833,36.8167
1528,2026-03-10 05:02:22,868428040514113,30.0,49.0,62.0,1.94,-1.0,32.9,44.9,100.0,1.0,-1.2833,36.8167
1527,2026-03-10 04:57:21,868428040514113,30.0,49.0,62.0,1.94,-1.0,32.9,45.0,100.0,1.0,-1.2833,36.8167
1526,2026-03-10 04:52:21,868428040514113,31.0,51.0,63.0,1.94,-1.0,32.9,44.9,100.0,1.0,-1.2833,36.8167
1525,2026-03-10 04:47:20,868428040514113,30.0,49.0,61.0,1.29,-1.0,32.9,45.0,100.0,1.0,-1.2833,36.8167
1524,2026-03-10 04:42:20,868428040514113,31.0,51.0,64.0,1.94,-1.0,32.9,44.9,100.0,1.0,-1.2833,36.8167
1523,2026-03-10 04:37:20,868428040514113,31.0,52.0,64.0,1.94,-1.0,33.0,44.9,100.0,1.0,-1.2833,36.8167
1522,2026-03-10 04:32:25,868428040514113,31.0,53.0,70.0,1.94,-1.0,33.0,44.9,100.0,1.0,-1.2833,36.8167
1521,2026-03-10 04:27:19,868428040514113,31.0,53.0,68.0,1.94,-1.0,33.0,44.9,100.0,1.0,-1.2833,36.8167
1520,2026-03-10 04:22:18,868428040514113,32.0,53.0,72.0,1.94,-1.0,32.9,45.0,100.0,1.0,-1.2833,36.8167
1519,2026-03-10 04:17:18,868428040514113,33.0,57.0,71.0,1.94,-1.0,33.0,44.9,100.0,1.0,-1.2833,36.8167
1518,2026-03-10 04:12:17,868428040514113,33.0,57.0,69.0,1.94,-1.0,32.9,45.1,100.0,1.0,-1.2833,36.8167
1517,2026-03-10 04:07:17,868428040514113,32.0,57.0,72.0,1.29,-1.0,33.0,45.0,100.0,1.0,-1.2833,36.8167
1516,2026-03-10 04:02:16,868428040514113,33.0,53.0,66.0,1.94,-1.0,33.0,45.0,100.0,1.0,-1.2833,36.8167
1515,2026-03-10 03:57:16,868428040514113,32.0,54.0,71.0,1.94,-1.0,33.0,45.0,100.0,1.0,-1.2833,36.8167
1514,2026-03-10 03:52:16,868428040514113,32.0,55.0,70.0,1.29,-1.0,33.0,45.0,100.0,1.0,-1.2833,36.8167
1513,2026-03-10 03:47:15,868428040514113,34.0,59.0,72.0,1.29,-1.0,33.0,45.0,100.0,1.0,-1.2833,36.8167
1512,2026-03-10 03:42:15,868428040514113,33.0,59.0,70.0,1.94,-1.0,32.9,45.0,100.0,1.0,-1.2833,36.8167
1511,2026-03-10 03:37:15,868428040514113,33.0,56.0,71.0,1.94,-1.0,33.0,44.9,100.0,1.0,-1.2833,36.8167
1510,2026-03-10 03:32:14,868428040514113,32.0,58.0,72.0,1.94,-1.0,33.1,44.9,100.0,1.0,-1.2833,36.8167
1509,2026-03-10 03:27:15,868428040514113,33.0,57.0,72.0,1.94,-1.0,33.2,44.9,100.0,1.0,-1.2833,36.8167
1508,2026-03-10 03:22:14,868428040514113,33.0,55.0,68.0,1.94,-1.0,33.2,44.9,100.0,1.0,-1.2833,36.8167
1507,2026-03-10 03:17:14,868428040514113,33.0,58.0,68.0,1.94,-1.0,33.2,44.9,100.0,1.0,-1.2833,36.8167
1506,2026-03-10 03:12:13,868428040514113,34.0,62.0,71.0,1.29,-1.0,33.2,44.9,100.0,1.0,-1.2833,36.8167
1505,2026-03-10 03:07:13,868428040514113,35.0,63.0,74.0,1.29,-1.0,33.2,44.8,100.0,1.0,-1.2833,36.8167
1504,2026-03-10 03:02:12,868428040514113,35.0,65.0,77.0,1.94,-1.0,33.2,44.7,100.0,1.0,-1.2833,36.8167
1503,2026-03-10 02:57:12,868428040514113,38.0,74.0,81.0,1.29,-1.0,33.2,44.8,100.0,1.0,-1.2833,36.8167
1502,2026-03-10 02:52:12,868428040514113,41.0,80.0,87.0,1.94,-1.0,33.1,44.7,100.0,1.0,-1.2833,36.8167
1501,2026-03-10 02:47:11,868428040514113,40.0,74.0,86.0,1.94,-1.0,33.1,44.8,100.0,1.0,-1.2833,36.8167
1500,2026-03-10 02:42:11,868428040514113,36.0,70.0,78.0,1.29,-1.0,33.2,44.8,100.0,1.0,-1.2833,36.8167
1499,2026-03-10 02:37:10,868428040514113,40.0,73.0,79.0,1.94,-1.0,33.2,44.8,100.0,1.0,-1.2833,36.8167
1498,2026-03-10 02:32:10,868428040514113,43.0,81.0,89.0,1.94,-1.0,33.2,44.8,100.0,1.0,-1.2833,36.8167
1497,2026-03-10 02:27:10,868428040514113,45.0,81.0,91.0,1.94,-1.0,33.2,44.8,100.0,1.0,-1.2833,36.8167
1496,2026-03-10 02:22:09,868428040514113,47.0,84.0,97.0,1.94,-1.0,33.2,44.9,100.0,1.0,-1.2833,36.8167
1495,2026-03-10 02:17:09,868428040514113,46.0,92.0,102.0,1.94,-1.0,33.1,45.0,100.0,1.0,-1.2833,36.8167
1494,2026-03-10 02:12:08,868428040514113,46.0,91.0,104.0,1.94,-1.0,33.0,45.2,100.0,1.0,-1.2833,36.8167
1493,2026-03-10 02:07:08,868428040514113,45.0,87.0,95.0,1.29,-1.0,33.0,45.1,100.0,1.0,-1.2833,36.8167
1492,2026-03-10 02:02:07,868428040514113,51.0,98.0,102.0,1.29,-1.0,33.2,45.0,100.0,1.0,-1.2833,36.8167
1491,2026-03-10 01:57:07,868428040514113,52.0,97.0,106.0,1.94,-1.0,33.1,45.1,100.0,1.0,-1.2833,36.8167
1490,2026-03-10 01:52:07,868428040514113,55.0,101.0,119.0,1.94,-1.0,33.2,45.1,100.0,1.0,-1.2833,36.8167
1489,2026-03-10 01:47:07,868428040514113,59.0,107.0,117.0,1.94,-1.0,33.2,45.1,100.0,1.0,-1.2833,36.8167
1488,2026-03-10 01:42:06,868428040514113,59.0,116.0,130.0,1.94,-1.0,33.2,45.2,100.0,1.0,-1.2833,36.8167
1487,2026-03-10 01:37:06,868428040514113,62.0,116.0,133.0,1.94,-1.0,33.2,45.2,100.0,1.0,-1.2833,36.8167
1486,2026-03-10 01:32:06,868428040514113,55.0,110.0,121.0,1.94,-1.0,33.2,45.3,100.0,1.0,-1.2833,36.8167
1485,2026-03-10 01:27:05,868428040514113,66.0,124.0,141.0,1.94,-1.0,33.2,45.2,100.0,1.0,-1.2833,36.8167
1484,2026-03-10 01:22:05,868428040514113,63.0,122.0,141.0,1.94,-1.0,33.2,45.2,100.0,1.0,-1.2833,36.8167
1483,2026-03-10 01:17:05,868428040514113,68.0,128.0,149.0,1.94,-1.0,33.1,45.4,100.0,1.0,-1.2833,36.8167
1482,2026-03-10 01:12:04,868428040514113,68.0,130.0,144.0,1.94,-1.0,33.0,45.5,100.0,1.0,-1.2833,36.8167
1481,2026-03-10 01:07:05,868428040514113,67.0,130.0,149.0,2.58,-1.0,33.0,45.5,100.0,1.0,-1.2833,36.8167
1480,2026-03-10 01:02:04,868428040514113,70.0,131.0,149.0,1.94,-1.0,33.0,45.4,100.0,1.0,-1.2833,36.8167
1479,2026-03-10 00:57:04,868428040514113,74.0,149.0,178.0,1.94,-1.0,33.0,45.4,100.0,1.0,-1.2833,36.8167
1478,2026-03-10 00:52:03,868428040514113,77.0,153.0,174.0,1.94,-1.0,33.1,45.4,100.0,1.0,-1.2833,36.8167
1477,2026-03-10 00:47:03,868428040514113,81.0,149.0,169.0,1.94,-1.0,33.0,45.5,100.0,1.0,-1.2833,36.8167
1476,2026-03-10 00:42:03,868428040514113,83.0,160.0,186.0,1.29,-1.0,33.1,45.5,100.0,1.0,-1.2833,36.8167
1475,2026-03-10 00:37:02,868428040514113,87.0,167.0,193.0,1.94,-1.0,33.2,45.4,100.0,1.0,-1.2833,36.8167
1474,2026-03-10 00:32:02,868428040514113,86.0,180.0,202.0,1.94,-1.0,33.1,45.4,100.0,1.0,-1.2833,36.8167
1473,2026-03-10 00:27:02,868428040514113,92.0,183.0,215.0,1.94,-1.0,33.1,45.5,100.0,1.0,-1.2833,36.8167
1472,2026-03-10 00:22:02,868428040514113,92.0,182.0,211.0,2.58,-1.0,32.9,45.7,100.0,1.0,-1.2833,36.8167
1471,2026-03-10 00:17:01,868428040514113,98.0,182.0,203.0,1.94,-1.0,33.2,45.6,100.0,1.0,-1.2833,36.8167
1470,2026-03-10 00:12:01,868428040514113,99.0,201.0,225.0,1.94,-1.0,33.1,45.6,100.0,1.0,-1.2833,36.8167
1469,2026-03-10 00:07:00,868428040514113,100.0,202.0,233.0,1.94,-1.0,33.2,45.6,100.0,1.0,-1.2833,36.8167
1468,2026-03-10 00:02:00,868428040514113,100.0,206.0,243.0,0.0,-1.0,33.0,45.7,100.0,1.0,-1.2833,36.8167
1467,2026-03-09 23:57:00,868428040514113,101.0,212.0,251.0,3.87,-1.0,33.2,45.6,100.0,1.0,-1.2833,36.8167
1466,2026-03-09 23:52:00,868428040514113,116.0,223.0,257.0,0.0,-1.0,33.2,45.6,100.0,1.0,-1.2833,36.8167
1465,2026-03-09 23:46:59,868428040514113,108.0,218.0,251.0,2.58,-1.0,33.3,45.5,100.0,1.0,-1.2833,36.8167
1464,2026-03-09 23:41:59,868428040514113,111.0,225.0,259.0,0.0,-1.0,33.4,45.5,100.0,1.0,-1.2833,36.8167
1463,2026-03-09 23:36:59,868428040514113,113.0,233.0,275.0,0.0,-1.0,33.1,45.8,100.0,1.0,-1.2833,36.8167
1462,2026-03-09 23:31:58,868428040514113,113.0,231.0,269.0,1.29,-1.0,33.1,45.8,100.0,1.0,-1.2833,36.8167
1461,2026-03-09 23:26:58,868428040514113,118.0,246.0,281.0,0.0,-1.0,33.0,45.8,100.0,1.0,-1.2833,36.8167
1460,2026-03-09 23:21:57,868428040514113,122.0,256.0,297.0,0.0,-1.0,32.9,46.0,100.0,1.0,-1.2833,36.8167
1459,2026-03-09 23:16:57,868428040514113,123.0,267.0,307.0,0.0,-1.0,32.9,46.0,100.0,1.0,-1.2833,36.8167
1458,2026-03-09 23:11:57,868428040514113,129.0,269.0,321.0,0.0,-1.0,33.0,45.8,100.0,1.0,-1.2833,36.8167
1457,2026-03-09 23:06:56,868428040514113,133.0,283.0,323.0,2.58,-1.0,32.9,45.9,100.0,1.0,-1.2833,36.8167
1456,2026-03-09 23:01:56,868428040514113,135.0,287.0,335.0,0.0,-1.0,32.9,45.9,100.0,1.0,-1.2833,36.8167
1455,2026-03-09 22:56:56,868428040514113,148.0,323.0,369.0,0.0,-1.0,33.0,45.6,100.0,1.0,-1.2833,36.8167
1454,2026-03-09 22:51:55,868428040514113,140.0,315.0,374.0,0.0,-1.0,33.0,45.6,100.0,1.0,-1.2833,36.8167
1453,2026-03-09 22:46:55,868428040514113,156.0,341.0,406.0,0.0,-1.0,33.1,45.5,100.0,1.0,-1.2833,36.8167
1452,2026-03-09 22:42:02,868428040514113,157.0,351.0,411.0,0.0,-1.0,33.2,45.5,100.0,1.0,-1.2833,36.8167
1451,2026-03-09 22:36:58,868428040514113,175.0,399.0,464.0,1.29,-1.0,33.2,45.6,100.0,1.0,-1.2833,36.8167
1450,2026-03-09 22:31:58,868428040514113,182.0,434.0,516.0,0.0,-1.0,33.3,45.6,100.0,1.0,-1.2833,36.8167
1449,2026-03-09 22:26:57,868428040514113,180.0,408.0,499.0,1.94,-1.0,33.1,45.7,100.0,1.0,-1.2833,36.8167
1448,2026-03-09 22:21:57,868428040514113,196.0,475.0,572.0,1.29,-1.0,33.1,45.7,100.0,1.0,-1.2833,36.8167
1447,2026-03-09 22:16:56,868428040514113,206.0,515.0,611.0,0.0,-1.0,33.1,45.8,100.0,1.0,-1.2833,36.8167
1446,2026-03-09 22:11:56,868428040514113,203.0,538.0,643.0,2.58,-1.0,33.2,45.8,100.0,1.0,-1.2833,36.8167
1445,2026-03-09 22:06:56,868428040514113,212.0,560.0,673.0,0.65,-1.0,33.2,45.9,100.0,1.0,-1.2833,36.8167
1444,2026-03-09 22:01:55,868428040514113,218.0,587.0,737.0,2.58,-1.0,33.3,45.8,100.0,1.0,-1.2833,36.8167
1443,2026-03-09 21:56:55,868428040514113,231.0,684.0,840.0,0.0,-1.0,33.3,45.8,100.0,1.0,-1.2833,36.8167
1442,2026-03-09 21:51:54,868428040514113,225.0,677.0,837.0,0.0,-1.0,33.2,46.0,100.0,1.0,-1.2833,36.8167
1441,2026-03-09 21:46:54,868428040514113,240.0,769.0,979.0,0.0,-1.0,33.2,46.1,100.0,1.0,-1.2833,36.8167
1440,2026-03-09 21:41:59,868428040514113,237.0,874.0,1109.0,0.0,-1.0,33.3,46.0,100.0,1.0,-1.2833,36.8167
1439,2026-03-09 20:27:07,868428040514113,26.0,40.0,47.0,1.29,-1.0,32.9,45.2,100.0,1.0,-1.2833,36.8167
1438,2026-03-09 20:22:03,868428040514113,25.0,38.0,45.0,0.0,-1.0,32.9,45.2,100.0,1.0,-1.2833,36.8167
1437,2026-03-09 20:17:03,868428040514113,27.0,38.0,45.0,0.0,-1.0,33.0,45.0,100.0,1.0,-1.2833,36.8167
1436,2026-03-09 20:11:59,868428040514113,25.0,37.0,43.0,0.0,-1.0,33.2,45.0,100.0,1.0,-1.2833,36.8167
1435,2026-03-09 20:06:58,868428040514113,28.0,41.0,49.0,0.0,-1.0,33.0,45.2,100.0,1.0,-1.2833,36.8167
1434,2026-03-09 20:02:06,868428040514113,28.0,42.0,49.0,0.0,-1.0,32.8,45.4,100.0,1.0,-1.2833,36.8167
1433,2026-03-09 19:56:57,868428040514113,30.0,45.0,55.0,1.94,-1.0,32.8,45.5,100.0,1.0,-1.2833,36.8167
1432,2026-03-09 19:51:52,868428040514113,32.0,46.0,56.0,0.0,-1.0,32.8,45.6,100.0,1.0,-1.2833,36.8167
1431,2026-03-09 19:46:52,868428040514113,33.0,47.0,56.0,0.0,-1.0,32.8,45.6,100.0,1.0,-1.2833,36.8167
1430,2026-03-09 19:41:50,868428040514113,32.0,47.0,57.0,0.65,-1.0,32.8,45.7,100.0,1.0,-1.2833,36.8167
1429,2026-03-09 19:36:50,868428040514113,29.0,40.0,47.0,1.29,-1.0,32.8,45.8,100.0,1.0,-1.2833,36.8167
1428,2026-03-09 19:31:49,868428040514113,30.0,44.0,52.0,0.65,-1.0,32.8,45.8,100.0,1.0,-1.2833,36.8167
1427,2026-03-09 19:26:49,868428040514113,32.0,48.0,58.0,0.0,-1.0,32.8,45.9,100.0,1.0,-1.2833,36.8167
1426,2026-03-09 19:21:57,868428040514113,37.0,52.0,64.0,0.65,-1.0,32.8,45.9,100.0,1.0,-1.2833,36.8167
1425,2026-03-09 19:16:56,868428040514113,27.0,36.0,42.0,0.0,-1.0,32.8,45.9,100.0,1.0,-1.2833,36.8167
1424,2026-03-09 19:12:05,868428040514113,23.0,34.0,38.0,1.29,-1.0,32.8,45.9,100.0,1.0,-1.2833,36.8167
1423,2026-03-09 19:06:53,868428040514113,22.0,33.0,36.0,0.0,-1.0,32.8,46.1,100.0,1.0,-1.2833,36.8167
1422,2026-03-09 19:02:02,868428040514113,22.0,33.0,35.0,0.0,-1.0,32.9,46.1,100.0,1.0,-1.2833,36.8167
1421,2026-03-09 18:56:55,868428040514113,22.0,33.0,37.0,0.0,-1.0,32.8,46.2,100.0,1.0,-1.2833,36.8167
1420,2026-03-09 18:51:48,868428040514113,23.0,33.0,37.0,0.65,-1.0,32.9,46.2,100.0,1.0,-1.2833,36.8167
1419,2026-03-09 18:41:48,868428040514113,23.0,34.0,39.0,1.29,-1.0,32.7,46.6,100.0,1.0,-1.2833,36.8167
1418,2026-03-09 18:36:46,868428040514113,23.0,33.0,37.0,0.0,-1.0,32.7,46.6,100.0,1.0,-1.2833,36.8167
1417,2026-03-09 18:31:45,868428040514113,24.0,36.0,42.0,0.0,-1.0,32.8,46.5,100.0,1.0,-1.2833,36.8167
1416,2026-03-09 18:26:44,868428040514113,24.0,34.0,39.0,0.0,-1.0,32.8,46.7,100.0,1.0,-1.2833,36.8167
1415,2026-03-09 18:21:44,868428040514113,26.0,39.0,48.0,0.65,-1.0,32.7,46.9,100.0,1.0,-1.2833,36.8167
1414,2026-03-09 18:16:43,868428040514113,21.0,29.0,29.0,0.0,-1.0,32.7,47.0,100.0,1.0,-1.2833,36.8167
1413,2026-03-09 18:11:43,868428040514113,18.0,24.0,25.0,1.29,-1.0,32.7,47.0,100.0,1.0,-1.2833,36.8167
1412,2026-03-09 18:06:43,868428040514113,20.0,25.0,26.0,0.0,-1.0,32.6,47.2,100.0,1.0,-1.2833,36.8167
1411,2026-03-09 18:01:42,868428040514113,17.0,23.0,24.0,0.0,-1.0,32.5,47.4,100.0,1.0,-1.2833,36.8167
1410,2026-03-09 17:56:41,868428040514113,19.0,29.0,31.0,0.0,-1.0,32.3,47.6,100.0,1.0,-1.2833,36.8167
1409,2026-03-09 17:51:41,868428040514113,18.0,26.0,27.0,0.0,-1.0,32.3,47.9,100.0,1.0,-1.2833,36.8167
1408,2026-03-09 17:46:41,868428040514113,18.0,23.0,23.0,0.0,-1.0,32.4,47.9,100.0,1.0,-1.2833,36.8167
1407,2026-03-09 17:41:40,868428040514113,18.0,25.0,25.0,0.65,-1.0,32.3,47.9,100.0,1.0,-1.2833,36.8167
1406,2026-03-09 17:36:40,868428040514113,18.0,26.0,26.0,0.0,-1.0,32.3,48.2,100.0,1.0,-1.2833,36.8167
1405,2026-03-09 17:31:39,868428040514113,19.0,25.0,25.0,0.0,-1.0,32.3,48.6,100.0,1.0,-1.2833,36.8167
1404,2026-03-09 17:26:39,868428040514113,22.0,30.0,33.0,1.94,-1.0,32.3,48.9,100.0,1.0,-1.2833,36.8167
1403,2026-03-09 17:21:39,868428040514113,21.0,28.0,28.0,0.0,-1.0,32.1,49.6,100.0,1.0,-1.2833,36.8167
1402,2026-03-09 17:16:38,868428040514113,20.0,27.0,27.0,0.0,-1.0,31.9,50.2,100.0,1.0,-1.2833,36.8167
1401,2026-03-09 17:11:38,868428040514113,20.0,29.0,30.0,1.29,-1.0,31.0,51.8,100.0,1.0,-1.2833,36.8167
1400,2026-03-09 17:06:37,868428040514113,20.0,29.0,30.0,1.29,-1.0,30.8,52.0,100.0,1.0,-1.2833,36.8167
1399,2026-03-09 17:01:37,868428040514113,21.0,27.0,28.0,7.1,-1.0,31.1,49.3,100.0,1.0,-1.2833,36.8167
1398,2026-03-09 16:56:36,868428040514113,20.0,29.0,29.0,7.1,-1.0,31.1,49.3,100.0,1.0,-1.2833,36.8167
1397,2026-03-09 16:51:36,868428040514113,21.0,30.0,31.0,7.1,-1.0,31.1,49.4,100.0,1.0,-1.2833,36.8167
1396,2026-03-09 16:46:35,868428040514113,24.0,35.0,39.0,7.1,-1.0,31.2,49.5,100.0,1.0,-1.2833,36.8167
1395,2026-03-09 16:41:35,868428040514113,24.0,35.0,40.0,7.1,-1.0,31.1,49.5,100.0,1.0,-1.2833,36.8167
1394,2026-03-09 16:36:34,868428040514113,25.0,36.0,42.0,7.74,-1.0,31.1,49.5,100.0,1.0,-1.2833,36.8167
1393,2026-03-09 16:31:34,868428040514113,25.0,36.0,41.0,7.1,-1.0,31.2,49.4,100.0,1.0,-1.2833,36.8167
1392,2026-03-09 16:26:34,868428040514113,26.0,35.0,40.0,7.1,-1.0,31.2,49.4,100.0,1.0,-1.2833,36.8167
1391,2026-03-09 16:21:33,868428040514113,26.0,37.0,42.0,7.1,-1.0,31.2,49.4,100.0,1.0,-1.2833,36.8167
1390,2026-03-09 16:16:32,868428040514113,26.0,38.0,43.0,7.1,-1.0,31.1,49.5,100.0,1.0,-1.2833,36.8167
1389,2026-03-09 16:11:32,868428040514113,26.0,37.0,42.0,7.1,-1.0,31.1,49.5,100.0,1.0,-1.2833,36.8167
1388,2026-03-09 16:06:31,868428040514113,27.0,40.0,46.0,7.1,-1.0,31.2,49.4,100.0,1.0,-1.2833,36.8167
1387,2026-03-09 16:01:31,868428040514113,26.0,38.0,44.0,7.1,-1.0,31.2,49.4,100.0,1.0,-1.2833,36.8167
1386,2026-03-09 15:56:30,868428040514113,28.0,39.0,45.0,7.1,-1.0,31.3,49.2,100.0,1.0,-1.2833,36.8167
1385,2026-03-09 15:51:30,868428040514113,27.0,40.0,46.0,7.1,-1.0,31.2,49.3,100.0,1.0,-1.2833,36.8167
1384,2026-03-09 15:46:29,868428040514113,41.0,48.0,6159.0,7.1,-1.0,31.3,49.2,100.0,1.0,-1.2833,36.8167
1383,2026-03-09 15:41:29,868428040514113,29.0,40.0,47.0,7.1,-1.0,31.3,49.2,100.0,1.0,-1.2833,36.8167
1382,2026-03-09 15:36:28,868428040514113,29.0,43.0,50.0,7.1,-1.0,31.2,49.4,100.0,1.0,-1.2833,36.8167
1381,2026-03-09 15:31:28,868428040514113,28.0,41.0,49.0,7.1,-1.0,31.3,49.1,100.0,1.0,-1.2833,36.8167
1380,2026-03-09 15:26:27,868428040514113,29.0,42.0,49.0,7.1,-1.0,31.3,49.2,100.0,1.0,-1.2833,36.8167
1379,2026-03-09 15:21:27,868428040514113,29.0,44.0,53.0,7.1,-1.0,31.2,49.4,100.0,1.0,-1.2833,36.8167
1378,2026-03-09 15:16:27,868428040514113,30.0,43.0,50.0,7.1,-1.0,31.2,49.4,100.0,1.0,-1.2833,36.8167
1377,2026-03-09 15:11:26,868428040514113,31.0,45.0,53.0,7.1,-1.0,31.2,49.3,100.0,1.0,-1.2833,36.8167
1376,2026-03-09 15:06:25,868428040514113,31.0,46.0,54.0,7.1,-1.0,31.2,49.4,100.0,1.0,-1.2833,36.8167
1375,2026-03-09 15:01:25,868428040514113,30.0,45.0,53.0,7.1,-1.0,31.2,49.3,100.0,1.0,-1.2833,36.8167
1374,2026-03-09 14:56:24,868428040514113,29.0,42.0,50.0,7.1,-1.0,31.2,49.4,100.0,1.0,-1.2833,36.8167
1373,2026-03-09 14:51:24,868428040514113,30.0,45.0,53.0,7.74,-1.0,31.2,49.4,100.0,1.0,-1.2833,36.8167
1372,2026-03-09 14:46:24,868428040514113,31.0,46.0,56.0,7.74,-1.0,31.2,49.4,100.0,1.0,-1.2833,36.8167
1371,2026-03-09 14:41:24,868428040514113,31.0,47.0,56.0,7.74,-1.0,31.3,49.3,100.0,1.0,-1.2833,36.8167
1370,2026-03-09 14:36:23,868428040514113,33.0,48.0,57.0,7.74,-1.0,31.2,49.4,100.0,1.0,-1.2833,36.8167
1369,2026-03-09 14:31:22,868428040514113,31.0,45.0,55.0,7.74,-1.0,31.2,49.4,100.0,1.0,-1.2833,36.8167
1368,2026-03-09 14:26:21,868428040514113,32.0,47.0,56.0,7.74,-1.0,31.3,49.4,100.0,1.0,-1.2833,36.8167
1367,2026-03-09 14:21:21,868428040514113,34.0,47.0,56.0,7.74,-1.0,31.2,49.6,100.0,1.0,-1.2833,36.8167
1366,2026-03-09 14:16:20,868428040514113,33.0,48.0,58.0,8.39,-1.0,31.0,49.7,100.0,1.0,-1.2833,36.8167
1365,2026-03-09 14:11:20,868428040514113,33.0,46.0,55.0,7.1,-1.0,31.1,49.7,100.0,1.0,-1.2833,36.8167
1364,2026-03-09 14:06:20,868428040514113,33.0,48.0,58.0,7.74,-1.0,31.0,49.7,100.0,1.0,-1.2833,36.8167
1363,2026-03-09 14:01:19,868428040514113,34.0,49.0,61.0,7.74,-1.0,31.2,49.7,100.0,1.0,-1.2833,36.8167
1362,2026-03-09 13:56:19,868428040514113,33.0,48.0,58.0,7.74,-1.0,31.0,49.8,100.0,1.0,-1.2833,36.8167
1361,2026-03-09 13:51:18,868428040514113,34.0,50.0,61.0,7.74,-1.0,31.0,49.8,100.0,1.0,-1.2833,36.8167
1360,2026-03-09 13:46:18,868428040514113,35.0,50.0,60.0,7.74,-1.0,31.0,49.7,100.0,1.0,-1.2833,36.8167
1359,2026-03-09 13:41:17,868428040514113,34.0,49.0,59.0,7.74,-1.0,31.0,49.8,100.0,1.0,-1.2833,36.8167
1358,2026-03-09 13:36:17,868428040514113,36.0,52.0,63.0,7.74,-1.0,30.9,50.0,100.0,1.0,-1.2833,36.8167
1357,2026-03-09 13:31:16,868428040514113,38.0,51.0,62.0,7.74,-1.0,30.9,50.0,100.0,1.0,-1.2833,36.8167
1356,2026-03-09 13:26:15,868428040514113,37.0,52.0,64.0,7.74,-1.0,30.9,50.0,100.0,1.0,-1.2833,36.8167
1355,2026-03-09 13:21:15,868428040514113,36.0,52.0,64.0,7.74,-1.0,30.9,50.1,100.0,1.0,-1.2833,36.8167
1354,2026-03-09 13:16:15,868428040514113,36.0,52.0,64.0,7.74,-1.0,30.8,50.0,100.0,1.0,-1.2833,36.8167
1353,2026-03-09 13:11:14,868428040514113,35.0,53.0,64.0,7.74,-1.0,30.9,50.0,100.0,1.0,-1.2833,36.8167
1352,2026-03-09 13:06:14,868428040514113,39.0,55.0,66.0,7.74,-1.0,30.8,50.0,100.0,1.0,-1.2833,36.8167
1351,2026-03-09 13:01:13,868428040514113,37.0,53.0,65.0,7.74,-1.0,30.9,50.0,100.0,1.0,-1.2833,36.8167
1350,2026-03-09 12:56:13,868428040514113,39.0,54.0,66.0,7.74,-1.0,30.9,50.0,100.0,1.0,-1.2833,36.8167
1349,2026-03-09 12:51:12,868428040514113,41.0,56.0,67.0,7.74,-1.0,30.9,50.1,100.0,1.0,-1.2833,36.8167
1348,2026-03-09 12:46:12,868428040514113,43.0,61.0,70.0,8.39,-1.0,30.7,50.3,100.0,1.0,-1.2833,36.8167
1347,2026-03-09 12:41:11,868428040514113,43.0,63.0,71.0,7.74,-1.0,30.8,50.2,100.0,1.0,-1.2833,36.8167
1346,2026-03-09 12:36:10,868428040514113,43.0,61.0,70.0,8.39,-1.0,30.7,50.3,100.0,1.0,-1.2833,36.8167
1345,2026-03-09 12:31:10,868428040514113,42.0,58.0,68.0,8.39,-1.0,30.8,50.1,100.0,1.0,-1.2833,36.8167
1344,2026-03-09 12:26:09,868428040514113,42.0,58.0,68.0,7.74,-1.0,30.8,50.1,100.0,1.0,-1.2833,36.8167
1343,2026-03-09 12:21:09,868428040514113,44.0,62.0,72.0,7.74,-1.0,30.8,50.2,100.0,1.0,-1.2833,36.8167
1342,2026-03-09 12:16:08,868428040514113,45.0,65.0,72.0,8.39,-1.0,30.8,50.2,100.0,1.0,-1.2833,36.8167
1341,2026-03-09 12:11:09,868428040514113,43.0,60.0,69.0,8.39,-1.0,30.7,50.3,100.0,1.0,-1.2833,36.8167
1340,2026-03-09 12:06:08,868428040514113,47.0,65.0,73.0,7.74,-1.0,30.8,50.1,100.0,1.0,-1.2833,36.8167
1339,2026-03-09 12:01:07,868428040514113,48.0,70.0,75.0,8.39,-1.0,30.7,50.3,100.0,1.0,-1.2833,36.8167
1338,2026-03-09 11:56:07,868428040514113,46.0,64.0,71.0,8.39,-1.0,30.7,50.3,100.0,1.0,-1.2833,36.8167
1337,2026-03-09 11:51:06,868428040514113,44.0,64.0,72.0,7.74,-1.0,30.7,50.4,100.0,1.0,-1.2833,36.8167
1336,2026-03-09 11:46:06,868428040514113,49.0,67.0,74.0,8.39,-1.0,30.7,50.4,100.0,1.0,-1.2833,36.8167
1335,2026-03-09 11:41:06,868428040514113,50.0,69.0,75.0,8.39,-1.0,30.7,50.3,100.0,1.0,-1.2833,36.8167
1334,2026-03-09 11:36:05,868428040514113,51.0,73.0,76.0,8.39,-1.0,30.7,50.3,100.0,1.0,-1.2833,36.8167
1333,2026-03-09 11:31:04,868428040514113,53.0,73.0,77.0,7.74,-1.0,30.6,50.4,100.0,1.0,-1.2833,36.8167
1332,2026-03-09 11:26:04,868428040514113,52.0,72.0,76.0,8.39,-1.0,30.6,50.4,100.0,1.0,-1.2833,36.8167
1331,2026-03-09 11:21:04,868428040514113,51.0,71.0,76.0,8.39,-1.0,30.6,50.4,100.0,1.0,-1.2833,36.8167
1330,2026-03-09 11:16:03,868428040514113,56.0,75.0,78.0,8.39,-1.0,30.7,50.4,100.0,1.0,-1.2833,36.8167
1329,2026-03-09 11:11:03,868428040514113,59.0,81.0,83.0,8.39,-1.0,30.7,50.5,100.0,1.0,-1.2833,36.8167
1328,2026-03-09 11:06:02,868428040514113,59.0,86.0,86.0,8.39,-1.0,30.7,50.4,100.0,1.0,-1.2833,36.8167
1327,2026-03-09 11:01:02,868428040514113,60.0,81.0,81.0,8.39,-1.0,30.7,50.3,100.0,1.0,-1.2833,36.8167
1326,2026-03-09 10:56:01,868428040514113,58.0,81.0,81.0,8.39,-1.0,30.7,50.4,100.0,1.0,-1.2833,36.8167
1325,2026-03-09 10:51:01,868428040514113,61.0,84.0,84.0,8.39,-1.0,30.7,50.4,100.0,1.0,-1.2833,36.8167
1324,2026-03-09 10:46:00,868428040514113,60.0,84.0,84.0,9.03,-1.0,30.7,50.5,100.0,1.0,-1.2833,36.8167
1323,2026-03-09 10:41:00,868428040514113,67.0,89.0,91.0,8.39,-1.0,30.7,50.4,100.0,1.0,-1.2833,36.8167
1322,2026-03-09 10:35:59,868428040514113,65.0,91.0,92.0,9.03,-1.0,30.8,50.3,100.0,1.0,-1.2833,36.8167
1321,2026-03-09 10:30:59,868428040514113,66.0,91.0,92.0,9.03,-1.0,30.8,50.3,100.0,1.0,-1.2833,36.8167
1320,2026-03-09 10:25:58,868428040514113,67.0,90.0,91.0,9.68,-1.0,30.7,50.5,100.0,1.0,-1.2833,36.8167
1319,2026-03-09 10:20:57,868428040514113,70.0,97.0,98.0,9.03,-1.0,30.8,50.3,100.0,1.0,-1.2833,36.8167
1318,2026-03-09 10:15:57,868428040514113,70.0,93.0,94.0,8.39,-1.0,30.8,50.3,100.0,1.0,-1.2833,36.8167
1317,2026-03-09 10:10:56,868428040514113,70.0,97.0,98.0,8.39,-1.0,30.9,50.3,100.0,1.0,-1.2833,36.8167
1316,2026-03-09 10:05:56,868428040514113,71.0,98.0,99.0,8.39,-1.0,30.9,50.3,100.0,1.0,-1.2833,36.8167
1315,2026-03-09 10:00:56,868428040514113,70.0,96.0,97.0,9.03,-1.0,30.9,50.3,100.0,1.0,-1.2833,36.8167
1314,2026-03-09 09:55:55,868428040514113,76.0,103.0,105.0,9.03,-1.0,30.9,50.3,100.0,1.0,-1.2833,36.8167
1313,2026-03-09 09:50:55,868428040514113,76.0,103.0,104.0,8.39,-1.0,31.0,50.2,100.0,1.0,-1.2833,36.8167
1312,2026-03-09 09:45:55,868428040514113,71.0,95.0,97.0,9.03,-1.0,31.1,50.3,100.0,1.0,-1.2833,36.8167
1311,2026-03-09 09:40:55,868428040514113,60.0,82.0,84.0,8.39,-1.0,31.2,50.7,100.0,1.0,-1.2833,36.8167
1310,2026-03-09 09:35:54,868428040514113,102.0,140.0,141.0,8.39,-1.0,31.1,51.3,100.0,1.0,-1.2833,36.8167
1309,2026-03-09 09:30:53,868428040514113,110.0,150.0,150.0,8.39,-1.0,31.1,51.5,100.0,1.0,-1.2833,36.8167
1308,2026-03-09 09:25:52,868428040514113,139.0,204.0,205.0,9.03,-1.0,31.2,51.5,100.0,1.0,-1.2833,36.8167
1307,2026-03-09 09:20:52,868428040514113,135.0,193.0,195.0,9.03,-1.0,31.1,50.9,100.0,1.0,-1.2833,36.8167
1306,2026-03-09 09:15:52,868428040514113,136.0,195.0,198.0,9.03,-1.0,31.2,50.8,100.0,1.0,-1.2833,36.8167
1305,2026-03-09 09:10:52,868428040514113,146.0,203.0,204.0,9.03,-1.0,31.1,50.6,100.0,1.0,-1.2833,36.8167
1304,2026-03-09 09:05:52,868428040514113,136.0,192.0,192.0,8.39,-1.0,31.0,50.3,100.0,1.0,-1.2833,36.8167
1303,2026-03-09 09:00:51,868428040514113,140.0,191.0,194.0,7.74,-1.0,31.2,50.3,100.0,1.0,-1.2833,36.8167
1302,2026-03-09 08:55:51,868428040514113,174.0,245.0,251.0,7.74,-1.0,31.0,50.4,100.0,1.0,-1.2833,36.8167
1301,2026-03-09 08:50:51,868428040514113,71.0,95.0,95.0,8.39,-1.0,30.9,50.5,100.0,1.0,-1.2833,36.8167
1300,2026-03-09 08:45:50,868428040514113,19.0,25.0,27.0,9.03,-1.0,31.1,50.5,100.0,1.0,-1.2833,36.8167
1299,2026-03-09 08:40:49,868428040514113,20.0,27.0,28.0,9.03,-1.0,31.1,50.7,100.0,1.0,-1.2833,36.8167
1298,2026-03-09 08:35:49,868428040514113,20.0,26.0,26.0,9.03,-1.0,31.4,50.5,100.0,1.0,-1.2833,36.8167
1297,2026-03-09 08:30:48,868428040514113,19.0,25.0,26.0,9.03,-1.0,31.2,51.0,100.0,1.0,-1.2833,36.8167
1296,2026-03-09 08:25:48,868428040514113,20.0,26.0,26.0,6.45,-1.0,31.0,50.8,100.0,1.0,-1.2833,36.8167
1295,2026-03-09 08:20:47,868428040514113,19.0,30.0,31.0,6.45,-1.0,31.0,50.9,100.0,1.0,-1.2833,36.8167
1294,2026-03-09 08:15:47,868428040514113,20.0,28.0,28.0,6.45,-1.0,31.0,50.8,100.0,1.0,-1.2833,36.8167
1293,2026-03-09 08:10:47,868428040514113,20.0,30.0,30.0,7.1,-1.0,31.1,50.8,100.0,1.0,-1.2833,36.8167
1292,2026-03-09 08:05:46,868428040514113,20.0,26.0,27.0,6.45,-1.0,31.0,50.8,100.0,1.0,-1.2833,36.8167
1291,2026-03-09 08:00:46,868428040514113,20.0,29.0,30.0,6.45,-1.0,31.1,50.7,100.0,1.0,-1.2833,36.8167
1290,2026-03-09 07:55:46,868428040514113,20.0,29.0,30.0,6.45,-1.0,31.1,50.7,100.0,1.0,-1.2833,36.8167
1289,2026-03-09 07:50:46,868428040514113,20.0,27.0,27.0,6.45,-1.0,31.0,50.7,100.0,1.0,-1.2833,36.8167
1288,2026-03-09 07:45:44,868428040514113,21.0,30.0,31.0,7.1,-1.0,31.0,50.7,100.0,1.0,-1.2833,36.8167
1287,2026-03-09 07:40:44,868428040514113,20.0,30.0,30.0,6.45,-1.0,31.1,50.7,100.0,1.0,-1.2833,36.8167
1286,2026-03-09 07:35:43,868428040514113,20.0,29.0,29.0,6.45,-1.0,31.0,50.6,100.0,1.0,-1.2833,36.8167
1285,2026-03-09 07:30:43,868428040514113,20.0,30.0,32.0,6.45,-1.0,31.1,50.6,100.0,1.0,-1.2833,36.8167
1284,2026-03-09 07:25:43,868428040514113,20.0,28.0,29.0,6.45,-1.0,31.0,50.6,100.0,1.0,-1.2833,36.8167
1283,2026-03-09 07:20:42,868428040514113,19.0,29.0,30.0,7.1,-1.0,31.1,50.6,100.0,1.0,-1.2833,36.8167
1282,2026-03-09 07:15:41,868428040514113,18.0,26.0,26.0,6.45,-1.0,31.1,50.6,100.0,1.0,-1.2833,36.8167
1281,2026-03-09 07:10:41,868428040514113,20.0,31.0,34.0,6.45,-1.0,31.1,50.5,100.0,1.0,-1.2833,36.8167
1280,2026-03-09 07:05:41,868428040514113,22.0,33.0,37.0,6.45,-1.0,31.1,50.5,100.0,1.0,-1.2833,36.8167
1279,2026-03-09 07:00:40,868428040514113,21.0,31.0,33.0,6.45,-1.0,31.1,50.6,100.0,1.0,-1.2833,36.8167
1278,2026-03-09 06:55:39,868428040514113,20.0,30.0,32.0,6.45,-1.0,31.1,50.5,100.0,1.0,-1.2833,36.8167
1277,2026-03-09 06:50:39,868428040514113,21.0,32.0,34.0,6.45,-1.0,31.1,50.4,100.0,1.0,-1.2833,36.8167
1276,2026-03-09 06:45:38,868428040514113,20.0,29.0,30.0,5.81,-1.0,31.2,50.4,100.0,1.0,-1.2833,36.8167
1275,2026-03-09 06:40:38,868428040514113,21.0,30.0,31.0,5.16,-1.0,31.1,50.4,100.0,1.0,-1.2833,36.8167
1274,2026-03-09 06:35:38,868428040514113,20.0,32.0,33.0,2.58,-1.0,31.1,50.4,100.0,1.0,-1.2833,36.8167
1273,2026-03-09 06:30:38,868428040514113,23.0,33.0,37.0,5.16,-1.0,31.1,50.4,100.0,1.0,-1.2833,36.8167
1272,2026-03-09 06:25:37,868428040514113,20.0,32.0,35.0,5.16,-1.0,31.1,50.4,100.0,1.0,-1.2833,36.8167
1271,2026-03-09 06:20:36,868428040514113,22.0,33.0,36.0,5.16,-1.0,31.1,50.4,100.0,1.0,-1.2833,36.8167
1270,2026-03-09 06:15:44,868428040514113,22.0,33.0,36.0,6.45,-1.0,31.1,50.4,100.0,1.0,-1.2833,36.8167
1269,2026-03-09 06:10:35,868428040514113,22.0,32.0,33.0,7.1,-1.0,31.1,50.4,100.0,1.0,-1.2833,36.8167
1268,2026-03-09 06:05:35,868428040514113,22.0,35.0,39.0,5.81,-1.0,31.1,50.4,100.0,1.0,-1.2833,36.8167
1267,2026-03-09 06:00:34,868428040514113,22.0,33.0,38.0,5.81,-1.0,31.1,50.4,100.0,1.0,-1.2833,36.8167
1266,2026-03-09 05:55:34,868428040514113,21.0,32.0,35.0,6.45,-1.0,31.1,50.4,100.0,1.0,-1.2833,36.8167
1265,2026-03-09 05:50:34,868428040514113,23.0,35.0,40.0,0.0,-1.0,31.1,50.4,100.0,1.0,-1.2833,36.8167
1264,2026-03-09 05:45:33,868428040514113,23.0,36.0,42.0,0.65,-1.0,31.0,50.4,100.0,1.0,-1.2833,36.8167
1263,2026-03-09 05:40:33,868428040514113,24.0,35.0,39.0,6.45,-1.0,31.0,50.4,100.0,1.0,-1.2833,36.8167
1262,2026-03-09 05:35:32,868428040514113,23.0,34.0,38.0,6.45,-1.0,31.1,50.3,100.0,1.0,-1.2833,36.8167
1261,2026-03-09 05:30:32,868428040514113,23.0,35.0,40.0,6.45,-1.0,31.1,50.3,100.0,1.0,-1.2833,36.8167
1260,2026-03-09 05:25:31,868428040514113,23.0,36.0,42.0,6.45,-1.0,31.2,50.2,100.0,1.0,-1.2833,36.8167
1259,2026-03-09 05:20:31,868428040514113,23.0,34.0,39.0,6.45,-1.0,31.1,50.2,100.0,1.0,-1.2833,36.8167
1258,2026-03-09 05:15:30,868428040514113,23.0,38.0,44.0,6.45,-1.0,31.2,50.2,100.0,1.0,-1.2833,36.8167
1257,2026-03-09 05:10:30,868428040514113,24.0,38.0,43.0,6.45,-1.0,31.2,50.2,100.0,1.0,-1.2833,36.8167
1256,2026-03-09 05:05:29,868428040514113,23.0,37.0,45.0,6.45,-1.0,31.1,50.2,100.0,1.0,-1.2833,36.8167
1255,2026-03-09 05:00:29,868428040514113,24.0,40.0,47.0,6.45,-1.0,31.1,50.2,100.0,1.0,-1.2833,36.8167
1254,2026-03-09 04:55:28,868428040514113,23.0,38.0,44.0,6.45,-1.0,31.1,50.2,100.0,1.0,-1.2833,36.8167
1253,2026-03-09 04:50:28,868428040514113,24.0,38.0,46.0,6.45,-1.0,31.2,50.2,100.0,1.0,-1.2833,36.8167
1252,2026-03-09 04:45:28,868428040514113,26.0,41.0,49.0,6.45,-1.0,31.1,50.3,100.0,1.0,-1.2833,36.8167
1251,2026-03-09 04:40:28,868428040514113,27.0,42.0,49.0,6.45,-1.0,31.1,50.2,100.0,1.0,-1.2833,36.8167
1250,2026-03-09 04:35:27,868428040514113,27.0,44.0,51.0,6.45,-1.0,31.1,50.2,100.0,1.0,-1.2833,36.8167
1249,2026-03-09 04:30:26,868428040514113,27.0,43.0,52.0,7.1,-1.0,31.1,50.2,100.0,1.0,-1.2833,36.8167
1248,2026-03-09 04:25:25,868428040514113,28.0,44.0,52.0,7.1,-1.0,31.2,50.2,100.0,1.0,-1.2833,36.8167
1247,2026-03-09 04:20:26,868428040514113,28.0,45.0,56.0,6.45,-1.0,31.1,50.2,100.0,1.0,-1.2833,36.8167
1246,2026-03-09 04:15:25,868428040514113,29.0,46.0,55.0,6.45,-1.0,31.1,50.2,100.0,1.0,-1.2833,36.8167
1245,2026-03-09 04:10:25,868428040514113,27.0,43.0,54.0,7.1,-1.0,31.1,50.2,100.0,1.0,-1.2833,36.8167
1244,2026-03-09 04:05:24,868428040514113,29.0,45.0,56.0,6.45,-1.0,31.1,50.2,100.0,1.0,-1.2833,36.8167
1243,2026-03-09 04:00:23,868428040514113,27.0,43.0,54.0,6.45,-1.0,31.1,50.2,100.0,1.0,-1.2833,36.8167
1242,2026-03-09 03:55:23,868428040514113,31.0,48.0,57.0,5.81,-1.0,31.1,50.1,100.0,1.0,-1.2833,36.8167
1241,2026-03-09 03:50:23,868428040514113,30.0,47.0,57.0,6.45,-1.0,31.1,50.1,100.0,1.0,-1.2833,36.8167
1240,2026-03-09 03:45:22,868428040514113,32.0,49.0,62.0,7.1,-1.0,31.1,50.1,100.0,1.0,-1.2833,36.8167
1239,2026-03-09 03:40:22,868428040514113,30.0,47.0,57.0,6.45,-1.0,31.1,50.0,100.0,1.0,-1.2833,36.8167
1238,2026-03-09 03:35:21,868428040514113,31.0,48.0,57.0,6.45,-1.0,31.1,50.0,100.0,1.0,-1.2833,36.8167
1237,2026-03-09 03:30:21,868428040514113,32.0,48.0,59.0,6.45,-1.0,31.1,50.0,100.0,1.0,-1.2833,36.8167
1236,2026-03-09 03:25:20,868428040514113,30.0,47.0,59.0,6.45,-1.0,31.1,49.9,100.0,1.0,-1.2833,36.8167
1235,2026-03-09 03:20:20,868428040514113,34.0,52.0,64.0,7.1,-1.0,31.0,49.9,100.0,1.0,-1.2833,36.8167
1234,2026-03-09 03:15:19,868428040514113,33.0,53.0,65.0,6.45,-1.0,31.1,49.9,100.0,1.0,-1.2833,36.8167
1233,2026-03-09 03:10:19,868428040514113,34.0,52.0,64.0,7.1,-1.0,31.0,49.9,100.0,1.0,-1.2833,36.8167
1232,2026-03-09 03:05:18,868428040514113,33.0,52.0,64.0,7.1,-1.0,31.0,49.7,100.0,1.0,-1.2833,36.8167
1231,2026-03-09 03:00:19,868428040514113,34.0,56.0,69.0,6.45,-1.0,30.9,49.8,100.0,1.0,-1.2833,36.8167
1230,2026-03-09 02:55:17,868428040514113,33.0,53.0,67.0,6.45,-1.0,31.1,49.5,100.0,1.0,-1.2833,36.8167
1229,2026-03-09 02:50:17,868428040514113,35.0,63.0,73.0,6.45,-1.0,31.3,49.3,100.0,1.0,-1.2833,36.8167
1228,2026-03-09 02:45:16,868428040514113,40.0,65.0,73.0,6.45,-1.0,31.3,49.5,100.0,1.0,-1.2833,36.8167
1227,2026-03-09 02:40:17,868428040514113,40.0,64.0,73.0,6.45,-1.0,31.2,49.7,100.0,1.0,-1.2833,36.8167
1226,2026-03-09 02:35:16,868428040514113,41.0,69.0,75.0,7.1,-1.0,31.3,49.5,100.0,1.0,-1.2833,36.8167
1225,2026-03-09 02:30:15,868428040514113,43.0,73.0,78.0,6.45,-1.0,31.3,49.5,100.0,1.0,-1.2833,36.8167
1224,2026-03-09 02:25:14,868428040514113,41.0,72.0,78.0,7.1,-1.0,31.3,49.4,100.0,1.0,-1.2833,36.8167
1223,2026-03-09 02:20:14,868428040514113,43.0,76.0,79.0,6.45,-1.0,31.4,49.4,100.0,1.0,-1.2833,36.8167
1222,2026-03-09 02:15:13,868428040514113,45.0,75.0,79.0,7.1,-1.0,31.4,49.5,100.0,1.0,-1.2833,36.8167
1221,2026-03-09 02:10:13,868428040514113,48.0,79.0,84.0,6.45,-1.0,31.3,49.5,100.0,1.0,-1.2833,36.8167
1220,2026-03-09 02:05:12,868428040514113,47.0,79.0,84.0,7.1,-1.0,31.4,49.6,100.0,1.0,-1.2833,36.8167
1219,2026-03-09 02:00:12,868428040514113,55.0,83.0,87.0,6.45,-1.0,31.4,49.6,100.0,1.0,-1.2833,36.8167
1218,2026-03-09 01:55:12,868428040514113,53.0,88.0,96.0,7.1,-1.0,31.3,49.5,100.0,1.0,-1.2833,36.8167
1217,2026-03-09 01:50:11,868428040514113,55.0,94.0,100.0,6.45,-1.0,31.4,49.6,100.0,1.0,-1.2833,36.8167
1216,2026-03-09 01:45:10,868428040514113,54.0,91.0,99.0,6.45,-1.0,31.3,49.8,100.0,1.0,-1.2833,36.8167
1215,2026-03-09 01:40:10,868428040514113,55.0,95.0,96.0,4.52,-1.0,31.3,49.7,100.0,1.0,-1.2833,36.8167
1214,2026-03-09 01:35:10,868428040514113,55.0,87.0,93.0,3.23,-1.0,31.3,49.8,100.0,1.0,-1.2833,36.8167
1213,2026-03-09 01:30:09,868428040514113,60.0,98.0,104.0,5.16,-1.0,31.3,49.8,100.0,1.0,-1.2833,36.8167
1212,2026-03-09 01:25:08,868428040514113,59.0,98.0,101.0,7.1,-1.0,31.2,50.0,100.0,1.0,-1.2833,36.8167
1211,2026-03-09 01:20:08,868428040514113,59.0,98.0,102.0,2.58,-1.0,31.3,49.9,100.0,1.0,-1.2833,36.8167
1210,2026-03-09 01:15:07,868428040514113,64.0,106.0,113.0,7.1,-1.0,31.3,49.8,100.0,1.0,-1.2833,36.8167
1209,2026-03-09 01:10:07,868428040514113,65.0,111.0,115.0,3.87,-1.0,31.3,49.6,100.0,1.0,-1.2833,36.8167
1208,2026-03-09 01:05:06,868428040514113,65.0,109.0,114.0,6.45,-1.0,31.3,49.6,100.0,1.0,-1.2833,36.8167
1207,2026-03-09 01:00:06,868428040514113,69.0,119.0,127.0,7.74,-1.0,31.3,49.6,100.0,1.0,-1.2833,36.8167
1206,2026-03-09 00:55:05,868428040514113,69.0,115.0,124.0,4.52,-1.0,31.3,50.1,100.0,1.0,-1.2833,36.8167
1205,2026-03-09 00:50:05,868428040514113,70.0,121.0,127.0,3.87,-1.0,31.3,50.2,100.0,1.0,-1.2833,36.8167
1204,2026-03-09 00:45:05,868428040514113,73.0,121.0,128.0,3.87,-1.0,31.3,50.3,100.0,1.0,-1.2833,36.8167
1203,2026-03-09 00:40:04,868428040514113,75.0,127.0,134.0,3.87,-1.0,31.3,50.2,100.0,1.0,-1.2833,36.8167
1202,2026-03-09 00:35:03,868428040514113,74.0,127.0,137.0,3.87,-1.0,31.4,50.3,100.0,1.0,-1.2833,36.8167
1201,2026-03-09 00:30:03,868428040514113,77.0,133.0,143.0,3.87,-1.0,31.3,50.3,100.0,1.0,-1.2833,36.8167
1200,2026-03-09 00:25:02,868428040514113,77.0,131.0,143.0,4.52,-1.0,31.3,50.2,100.0,1.0,-1.2833,36.8167
1199,2026-03-09 00:20:02,868428040514113,83.0,137.0,144.0,3.87,-1.0,31.3,50.2,100.0,1.0,-1.2833,36.8167
1198,2026-03-09 00:15:02,868428040514113,80.0,144.0,155.0,4.52,-1.0,31.4,50.3,100.0,1.0,-1.2833,36.8167
1197,2026-03-09 00:10:02,868428040514113,86.0,141.0,149.0,4.52,-1.0,31.3,50.3,100.0,1.0,-1.2833,36.8167
1196,2026-03-09 00:05:01,868428040514113,88.0,149.0,163.0,3.87,-1.0,31.3,50.3,100.0,1.0,-1.2833,36.8167
1195,2026-03-09 00:00:01,868428040514113,92.0,156.0,171.0,3.87,-1.0,31.4,50.3,100.0,1.0,-1.2833,36.8167
1194,2026-03-08 23:55:00,868428040514113,93.0,156.0,172.0,4.52,-1.0,31.3,50.3,100.0,1.0,-1.2833,36.8167
1193,2026-03-08 23:50:00,868428040514113,96.0,165.0,171.0,3.87,-1.0,31.5,50.2,100.0,1.0,-1.2833,36.8167
1192,2026-03-08 23:44:59,868428040514113,40192.0,43611.0,23578.0,3.87,-1.0,31.3,50.3,100.0,1.0,-1.2833,36.8167
1191,2026-03-08 23:39:59,868428040514113,102.0,173.0,187.0,3.87,-1.0,31.4,50.3,100.0,1.0,-1.2833,36.8167
1190,2026-03-08 23:34:59,868428040514113,105.0,184.0,197.0,3.87,-1.0,31.4,50.3,100.0,1.0,-1.2833,36.8167
1189,2026-03-08 23:29:58,868428040514113,103.0,180.0,188.0,3.23,-1.0,31.4,50.3,100.0,1.0,-1.2833,36.8167
1188,2026-03-08 23:24:58,868428040514113,115.0,191.0,207.0,3.87,-1.0,31.4,50.3,100.0,1.0,-1.2833,36.8167
1187,2026-03-08 23:19:58,868428040514113,111.0,193.0,203.0,3.23,-1.0,31.3,50.3,100.0,1.0,-1.2833,36.8167
1186,2026-03-08 23:14:58,868428040514113,120.0,203.0,216.0,3.87,-1.0,31.4,50.3,100.0,1.0,-1.2833,36.8167
1185,2026-03-08 23:09:57,868428040514113,111.0,204.0,218.0,3.87,-1.0,31.5,49.9,100.0,1.0,-1.2833,36.8167
1184,2026-03-08 23:04:57,868428040514113,120.0,205.0,225.0,3.87,-1.0,31.5,49.7,100.0,1.0,-1.2833,36.8167
1183,2026-03-08 22:59:56,868428040514113,139.0,247.0,267.0,3.87,-1.0,31.5,49.5,100.0,1.0,-1.2833,36.8167
1182,2026-03-08 22:54:57,868428040514113,110.0,189.0,197.0,3.87,-1.0,31.5,49.1,100.0,1.0,-1.2833,36.8167
1181,2026-03-08 22:49:55,868428040514113,67.0,105.0,110.0,3.87,-1.0,31.5,48.9,100.0,1.0,-1.2833,36.8167
1180,2026-03-08 22:44:54,868428040514113,54.0,79.0,81.0,3.87,-1.0,31.4,48.7,100.0,1.0,-1.2833,36.8167
1179,2026-03-08 22:39:54,868428040514113,42.0,58.0,69.0,3.87,-1.0,31.3,48.5,100.0,1.0,-1.2833,36.8167
1178,2026-03-08 22:34:54,868428040514113,26.0,40.0,47.0,3.87,-1.0,31.5,48.4,100.0,1.0,-1.2833,36.8167
1177,2026-03-08 22:29:53,868428040514113,32.0,47.0,56.0,3.87,-1.0,31.6,48.5,100.0,1.0,-1.2833,36.8167
1176,2026-03-08 22:24:53,868428040514113,26.0,39.0,46.0,3.87,-1.0,31.6,48.3,100.0,1.0,-1.2833,36.8167
1175,2026-03-08 22:19:52,868428040514113,19.0,29.0,32.0,3.87,-1.0,31.6,48.1,100.0,1.0,-1.2833,36.8167
1174,2026-03-08 22:14:52,868428040514113,16.0,24.0,24.0,3.87,-1.0,32.0,47.4,100.0,1.0,-1.2833,36.8167
1173,2026-03-08 22:09:51,868428040514113,17.0,24.0,25.0,3.87,-1.0,32.0,47.4,100.0,1.0,-1.2833,36.8167
1172,2026-03-08 22:04:51,868428040514113,19.0,26.0,26.0,3.87,-1.0,32.1,47.3,100.0,1.0,-1.2833,36.8167
1171,2026-03-08 21:59:52,868428040514113,18.0,27.0,28.0,3.87,-1.0,32.0,47.5,100.0,1.0,-1.2833,36.8167
1170,2026-03-08 21:54:50,868428040514113,19.0,29.0,29.0,3.87,-1.0,32.0,47.6,100.0,1.0,-1.2833,36.8167
1169,2026-03-08 21:49:50,868428040514113,19.0,27.0,28.0,3.87,-1.0,31.8,47.9,100.0,1.0,-1.2833,36.8167
1168,2026-03-08 21:44:49,868428040514113,19.0,28.0,28.0,3.87,-1.0,31.9,47.9,100.0,1.0,-1.2833,36.8167
1167,2026-03-08 21:39:49,868428040514113,20.0,33.0,38.0,3.23,-1.0,31.9,47.9,100.0,1.0,-1.2833,36.8167
1166,2026-03-08 21:34:50,868428040514113,20.0,30.0,32.0,3.87,-1.0,32.0,47.8,100.0,1.0,-1.2833,36.8167
1165,2026-03-08 21:29:48,868428040514113,19.0,30.0,31.0,3.23,-1.0,31.9,48.3,100.0,1.0,-1.2833,36.8167
1164,2026-03-08 21:24:47,868428040514113,21.0,31.0,35.0,3.23,-1.0,31.7,48.5,100.0,1.0,-1.2833,36.8167
1163,2026-03-08 21:19:47,868428040514113,22.0,30.0,31.0,3.87,-1.0,31.8,48.4,100.0,1.0,-1.2833,36.8167
1162,2026-03-08 21:14:47,868428040514113,20.0,32.0,35.0,3.23,-1.0,31.8,48.5,100.0,1.0,-1.2833,36.8167
1161,2026-03-08 21:09:46,868428040514113,23.0,32.0,36.0,3.87,-1.0,31.8,48.4,100.0,1.0,-1.2833,36.8167
1160,2026-03-08 21:04:45,868428040514113,22.0,32.0,36.0,3.87,-1.0,31.8,48.6,100.0,1.0,-1.2833,36.8167
1159,2026-03-08 20:59:46,868428040514113,20.0,29.0,30.0,3.23,-1.0,31.9,48.5,100.0,1.0,-1.2833,36.8167
1158,2026-03-08 20:54:45,868428040514113,22.0,33.0,37.0,3.87,-1.0,31.7,48.7,100.0,1.0,-1.2833,36.8167
1157,2026-03-08 20:49:45,868428040514113,23.0,36.0,41.0,3.87,-1.0,31.7,48.8,100.0,1.0,-1.2833,36.8167
1156,2026-03-08 20:44:44,868428040514113,22.0,33.0,36.0,3.87,-1.0,31.7,48.8,100.0,1.0,-1.2833,36.8167
1155,2026-03-08 20:39:43,868428040514113,22.0,32.0,35.0,3.87,-1.0,31.7,48.9,100.0,1.0,-1.2833,36.8167
1154,2026-03-08 20:34:43,868428040514113,23.0,35.0,43.0,3.87,-1.0,31.8,48.8,100.0,1.0,-1.2833,36.8167
1153,2026-03-08 20:29:43,868428040514113,24.0,36.0,41.0,3.23,-1.0,31.7,49.1,100.0,1.0,-1.2833,36.8167
1152,2026-03-08 20:24:43,868428040514113,24.0,36.0,40.0,3.87,-1.0,31.7,49.2,100.0,1.0,-1.2833,36.8167
1151,2026-03-08 20:19:42,868428040514113,23.0,36.0,44.0,3.87,-1.0,31.5,49.3,100.0,1.0,-1.2833,36.8167
1150,2026-03-08 20:14:41,868428040514113,24.0,36.0,42.0,3.87,-1.0,31.5,49.3,100.0,1.0,-1.2833,36.8167
1149,2026-03-08 20:09:41,868428040514113,24.0,35.0,38.0,3.23,-1.0,31.6,49.3,100.0,1.0,-1.2833,36.8167
1148,2026-03-08 20:04:40,868428040514113,24.0,37.0,43.0,3.87,-1.0,31.6,49.5,100.0,1.0,-1.2833,36.8167
1147,2026-03-08 19:59:40,868428040514113,24.0,38.0,45.0,3.23,-1.0,31.5,49.6,100.0,1.0,-1.2833,36.8167
1146,2026-03-08 19:54:40,868428040514113,25.0,39.0,45.0,3.23,-1.0,31.5,49.7,100.0,1.0,-1.2833,36.8167
1145,2026-03-08 19:49:39,868428040514113,26.0,40.0,47.0,3.23,-1.0,31.4,50.1,100.0,1.0,-1.2833,36.8167
1144,2026-03-08 19:44:39,868428040514113,26.0,41.0,49.0,3.23,-1.0,31.2,50.5,100.0,1.0,-1.2833,36.8167
1143,2026-03-08 19:39:38,868428040514113,27.0,40.0,47.0,4.52,-1.0,30.4,51.6,100.0,1.0,-1.2833,36.8167
1142,2026-03-08 19:34:38,868428040514113,25.0,38.0,44.0,3.87,-1.0,30.2,51.2,100.0,1.0,-1.2833,36.8167
1141,2026-03-08 19:29:37,868428040514113,25.0,38.0,44.0,4.52,-1.0,31.2,50.0,100.0,1.0,-1.2833,36.8167
1140,2026-03-08 19:24:37,868428040514113,25.0,39.0,49.0,5.16,-1.0,31.2,50.0,100.0,1.0,-1.2833,36.8167
1139,2026-03-08 19:19:37,868428040514113,26.0,40.0,47.0,5.16,-1.0,31.2,50.0,100.0,1.0,-1.2833,36.8167
1138,2026-03-08 19:14:38,868428040514113,24.0,36.0,42.0,4.52,-1.0,31.2,50.2,100.0,1.0,-1.2833,36.8167
1135,2026-03-08 15:45:49,868428040514113,27.0,42.0,50.0,1.94,-1.0,31.2,51.2,100.0,1.0,-1.2833,36.8167
1134,2026-03-08 15:40:49,868428040514113,29.0,46.0,55.0,1.94,1030.0,31.0,51.5,100.0,1.0,-1.2833,36.8167
1133,2026-03-08 15:35:49,868428040514113,29.0,46.0,56.0,1.94,977.0,31.0,51.5,100.0,1.0,-1.2833,36.8167
1132,2026-03-08 15:24:59,868428040514113,30.0,45.0,55.0,1.94,995.0,31.0,52.2,100.0,1.0,-1.2833,36.8167
1131,2026-03-08 15:18:57,868428040514113,31.0,48.0,58.0,3.23,-1.0,31.1,51.9,100.0,1.0,-1.2833,36.8167
1130,2026-03-08 15:13:57,868428040514113,31.0,49.0,59.0,3.23,-1.0,31.0,52.0,100.0,1.0,-1.2833,36.8167
1129,2026-03-08 15:08:56,868428040514113,32.0,49.0,61.0,3.23,997.0,30.9,52.6,100.0,1.0,-1.2833,36.8167
1128,2026-03-08 15:03:56,868428040514113,31.0,48.0,59.0,1.94,961.0,30.4,53.7,100.0,1.0,-1.2833,36.8167
1127,2026-03-08 14:38:19,868428040514113,26.0,36.0,42.0,3.87,-1.0,31.4,52.8,100.0,1.0,-1.2833,36.8167
1126,2026-03-08 14:38:19,868428040514113,26.0,36.0,42.0,3.23,-1.0,31.5,51.4,100.0,1.0,-1.2833,36.8167
1125,2026-03-08 14:38:19,868428040514113,26.0,36.0,42.0,3.87,-1.0,31.4,51.6,100.0,1.0,-1.2833,36.8167
1124,2026-03-08 14:38:19,868428040514113,26.0,36.0,42.0,3.87,-1.0,31.4,51.9,100.0,1.0,-1.2833,36.8167
1123,2026-03-08 14:38:19,868428040514113,0.0,0.0,0.0,1.29,959.0,30.8,52.6,100.0,1.0,-1.2833,36.8167
1122,2026-03-08 14:38:18,868428040514113,40.0,67.0,77.0,0.65,-1.0,31.5,49.7,100.0,1.0,-1.2833,36.8167
1121,2026-03-08 14:38:18,868428040514113,26.0,36.0,42.0,3.23,-1.0,31.3,52.6,100.0,1.0,-1.2833,36.8167
1120,2026-03-08 14:38:18,868428040514113,26.0,36.0,42.0,3.87,-1.0,31.4,51.7,100.0,1.0,-1.2833,36.8167
1119,2026-03-08 14:38:18,868428040514113,40.0,67.0,77.0,0.0,-1.0,31.4,50.2,100.0,1.0,-1.2833,36.8167
1118,2026-03-08 14:38:18,868428040514113,26.0,36.0,42.0,3.23,-1.0,31.3,52.3,100.0,1.0,-1.2833,36.8167
1117,2026-03-08 14:38:18,868428040514113,45.0,73.0,79.0,3.87,-1.0,31.5,51.2,100.0,1.0,-1.2833,36.8167
1116,2026-03-08 14:38:17,868428040514113,0.0,0.0,0.0,1.29,989.0,30.9,52.4,100.0,1.0,-1.2833,36.8167
1115,2026-03-08 14:38:17,868428040514113,26.0,36.0,42.0,3.87,-1.0,31.3,52.5,100.0,1.0,-1.2833,36.8167
1114,2026-03-08 14:38:17,868428040514113,26.0,36.0,42.0,3.87,-1.0,31.3,52.6,100.0,1.0,-1.2833,36.8167
1113,2026-03-08 14:38:17,868428040514113,26.0,36.0,42.0,3.87,-1.0,31.4,51.9,100.0,1.0,-1.2833,36.8167
1112,2026-03-08 14:38:17,868428040514113,26.0,36.0,42.0,3.87,-1.0,31.6,53.2,100.0,1.0,-1.2833,36.8167
1111,2026-03-08 14:38:17,868428040514113,26.0,36.0,42.0,3.23,-1.0,31.5,52.8,100.0,1.0,-1.2833,36.8167
1110,2026-03-08 14:38:16,868428040514113,45.0,73.0,79.0,3.87,-1.0,31.5,50.8,100.0,1.0,-1.2833,36.8167
1109,2026-03-08 14:38:16,868428040514113,40.0,67.0,77.0,1.94,-1.0,31.5,49.7,100.0,1.0,-1.2833,36.8167
1108,2026-03-08 14:38:16,868428040514113,40.0,67.0,77.0,0.0,-1.0,31.4,49.8,100.0,1.0,-1.2833,36.8167
1107,2026-03-08 14:38:16,868428040514113,26.0,36.0,42.0,3.87,-1.0,31.4,52.7,100.0,1.0,-1.2833,36.8167
1106,2026-03-08 14:38:16,868428040514113,26.0,36.0,42.0,3.23,-1.0,31.4,52.2,100.0,1.0,-1.2833,36.8167
1105,2026-03-08 14:38:16,868428040514113,40.0,67.0,77.0,0.0,-1.0,31.2,51.3,100.0,1.0,-1.2833,36.8167
1104,2026-03-08 14:38:16,868428040514113,26.0,36.0,42.0,3.23,-1.0,31.4,52.1,100.0,1.0,-1.2833,36.8167
1103,2026-03-08 14:38:15,868428040514113,26.0,36.0,42.0,3.87,-1.0,31.3,52.4,100.0,1.0,-1.2833,36.8167
1102,2026-03-08 14:38:07,868428040514113,26.0,36.0,42.0,3.87,-1.0,31.4,52.8,100.0,1.0,-1.2833,36.8167
1101,2026-03-08 14:37:57,868428040514113,26.0,36.0,42.0,3.23,-1.0,31.5,51.4,100.0,1.0,-1.2833,36.8167
1100,2026-03-08 14:37:47,868428040514113,26.0,36.0,42.0,3.87,-1.0,31.4,51.6,100.0,1.0,-1.2833,36.8167
1099,2026-03-08 14:37:37,868428040514113,26.0,36.0,42.0,3.87,-1.0,31.4,51.9,100.0,1.0,-1.2833,36.8167
1098,2026-03-08 14:37:27,868428040514113,0.0,0.0,0.0,1.29,959.0,30.8,52.6,100.0,1.0,-1.2833,36.8167
1097,2026-03-08 14:37:17,868428040514113,40.0,67.0,77.0,0.65,-1.0,31.5,49.7,100.0,1.0,-1.2833,36.8167
1096,2026-03-08 14:37:07,868428040514113,26.0,36.0,42.0,3.23,-1.0,31.3,52.6,100.0,1.0,-1.2833,36.8167
1095,2026-03-08 14:36:56,868428040514113,26.0,36.0,42.0,3.87,-1.0,31.4,51.7,100.0,1.0,-1.2833,36.8167
1094,2026-03-08 14:36:46,868428040514113,40.0,67.0,77.0,0.0,-1.0,31.4,50.2,100.0,1.0,-1.2833,36.8167
1093,2026-03-08 14:36:36,868428040514113,26.0,36.0,42.0,3.23,-1.0,31.3,52.3,100.0,1.0,-1.2833,36.8167
1092,2026-03-08 14:36:26,868428040514113,45.0,73.0,79.0,3.87,-1.0,31.5,51.2,100.0,1.0,-1.2833,36.8167
1091,2026-03-08 14:36:16,868428040514113,0.0,0.0,0.0,1.29,989.0,30.9,52.4,100.0,1.0,-1.2833,36.8167
1090,2026-03-08 14:36:06,868428040514113,26.0,36.0,42.0,3.87,-1.0,31.3,52.5,100.0,1.0,-1.2833,36.8167
1089,2026-03-08 14:35:56,868428040514113,26.0,36.0,42.0,3.87,-1.0,31.3,52.6,100.0,1.0,-1.2833,36.8167
1088,2026-03-08 14:35:46,868428040514113,26.0,36.0,42.0,3.87,-1.0,31.4,51.9,100.0,1.0,-1.2833,36.8167
1087,2026-03-08 14:35:36,868428040514113,26.0,36.0,42.0,3.87,-1.0,31.6,53.2,100.0,1.0,-1.2833,36.8167
1086,2026-03-08 14:35:25,868428040514113,26.0,36.0,42.0,3.23,-1.0,31.5,52.8,100.0,1.0,-1.2833,36.8167
1085,2026-03-08 14:35:15,868428040514113,45.0,73.0,79.0,3.87,-1.0,31.5,50.8,100.0,1.0,-1.2833,36.8167
1084,2026-03-08 14:35:05,868428040514113,40.0,67.0,77.0,1.94,-1.0,31.5,49.7,100.0,1.0,-1.2833,36.8167
1083,2026-03-08 14:34:55,868428040514113,40.0,67.0,77.0,0.0,-1.0,31.4,49.8,100.0,1.0,-1.2833,36.8167
1082,2026-03-08 14:34:45,868428040514113,26.0,36.0,42.0,3.87,-1.0,31.4,52.7,100.0,1.0,-1.2833,36.8167
1081,2026-03-08 14:34:35,868428040514113,26.0,36.0,42.0,3.23,-1.0,31.4,52.2,100.0,1.0,-1.2833,36.8167
1080,2026-03-08 14:34:25,868428040514113,40.0,67.0,77.0,0.0,-1.0,31.2,51.3,100.0,1.0,-1.2833,36.8167
1079,2026-03-08 14:34:14,868428040514113,26.0,36.0,42.0,3.23,-1.0,31.4,52.1,100.0,1.0,-1.2833,36.8167
1078,2026-03-08 14:34:04,868428040514113,26.0,36.0,42.0,3.87,-1.0,31.3,52.4,100.0,1.0,-1.2833,36.8167
1077,2026-03-08 14:33:54,868428040514113,26.0,36.0,42.0,3.87,-1.0,31.4,52.8,100.0,1.0,-1.2833,36.8167
1076,2026-03-08 14:33:44,868428040514113,26.0,36.0,42.0,3.23,-1.0,31.5,51.4,100.0,1.0,-1.2833,36.8167
1075,2026-03-08 14:33:34,868428040514113,26.0,36.0,42.0,3.87,-1.0,31.4,51.6,100.0,1.0,-1.2833,36.8167
1074,2026-03-08 14:33:24,868428040514113,26.0,36.0,42.0,3.87,-1.0,31.4,51.9,100.0,1.0,-1.2833,36.8167
1073,2026-03-08 14:33:14,868428040514113,40.0,67.0,77.0,0.65,-1.0,31.5,49.7,100.0,1.0,-1.2833,36.8167
1072,2026-03-08 14:33:04,868428040514113,26.0,36.0,42.0,3.23,-1.0,31.3,52.6,100.0,1.0,-1.2833,36.8167
1071,2026-03-08 14:32:54,868428040514113,26.0,36.0,42.0,3.87,-1.0,31.4,51.7,100.0,1.0,-1.2833,36.8167
1070,2026-03-08 14:32:44,868428040514113,40.0,67.0,77.0,0.0,-1.0,31.4,50.2,100.0,1.0,-1.2833,36.8167
1069,2026-03-08 14:32:34,868428040514113,26.0,36.0,42.0,3.23,-1.0,31.3,52.3,100.0,1.0,-1.2833,36.8167
1068,2026-03-08 14:32:24,868428040514113,45.0,73.0,79.0,3.87,-1.0,31.5,51.2,100.0,1.0,-1.2833,36.8167
1067,2026-03-08 14:32:14,868428040514113,0.0,0.0,0.0,1.29,989.0,30.9,52.4,100.0,1.0,-1.2833,36.8167
1066,2026-03-08 14:32:03,868428040514113,26.0,36.0,42.0,3.87,-1.0,31.3,52.5,100.0,1.0,-1.2833,36.8167
1065,2026-03-08 14:31:53,868428040514113,26.0,36.0,42.0,3.87,-1.0,31.3,52.6,100.0,1.0,-1.2833,36.8167
1064,2026-03-08 14:31:43,868428040514113,26.0,36.0,42.0,3.87,-1.0,31.4,51.9,100.0,1.0,-1.2833,36.8167
1063,2026-03-08 14:31:33,868428040514113,26.0,36.0,42.0,3.87,-1.0,31.6,53.2,100.0,1.0,-1.2833,36.8167
1062,2026-03-08 14:31:23,868428040514113,26.0,36.0,42.0,3.23,-1.0,31.5,52.8,100.0,1.0,-1.2833,36.8167
1061,2026-03-08 14:31:13,868428040514113,45.0,73.0,79.0,3.87,-1.0,31.5,50.8,100.0,1.0,-1.2833,36.8167
1060,2026-03-08 14:31:03,868428040514113,40.0,67.0,77.0,1.94,-1.0,31.5,49.7,100.0,1.0,-1.2833,36.8167
1059,2026-03-08 14:30:52,868428040514113,40.0,67.0,77.0,0.0,-1.0,31.4,49.8,100.0,1.0,-1.2833,36.8167
1058,2026-03-08 14:30:42,868428040514113,26.0,36.0,42.0,3.87,-1.0,31.4,52.7,100.0,1.0,-1.2833,36.8167
1057,2026-03-08 14:30:32,868428040514113,26.0,36.0,42.0,3.23,-1.0,31.4,52.2,100.0,1.0,-1.2833,36.8167
1056,2026-03-08 14:30:22,868428040514113,40.0,67.0,77.0,0.0,-1.0,31.2,51.3,100.0,1.0,-1.2833,36.8167
1055,2026-03-08 14:30:12,868428040514113,26.0,36.0,42.0,3.23,-1.0,31.4,52.1,100.0,1.0,-1.2833,36.8167
1054,2026-03-08 14:30:02,868428040514113,26.0,36.0,42.0,3.87,-1.0,31.3,52.4,100.0,1.0,-1.2833,36.8167
1053,2026-03-08 14:29:52,868428040514113,26.0,36.0,42.0,3.87,-1.0,31.4,52.8,100.0,1.0,-1.2833,36.8167
1052,2026-03-08 14:29:41,868428040514113,26.0,36.0,42.0,3.23,-1.0,31.5,51.4,100.0,1.0,-1.2833,36.8167
1051,2026-03-08 14:29:31,868428040514113,26.0,36.0,42.0,3.87,-1.0,31.4,51.6,100.0,1.0,-1.2833,36.8167
1050,2026-03-08 14:29:21,868428040514113,26.0,36.0,42.0,3.87,-1.0,31.4,51.9,100.0,1.0,-1.2833,36.8167
1049,2026-03-08 14:29:11,868428040514113,40.0,67.0,77.0,0.65,-1.0,31.5,49.7,100.0,1.0,-1.2833,36.8167
1048,2026-03-08 14:29:01,868428040514113,26.0,36.0,42.0,3.23,-1.0,31.3,52.6,100.0,1.0,-1.2833,36.8167
1047,2026-03-08 14:28:51,868428040514113,26.0,36.0,42.0,3.87,-1.0,31.4,51.7,100.0,1.0,-1.2833,36.8167
1046,2026-03-08 14:28:41,868428040514113,40.0,67.0,77.0,0.0,-1.0,31.4,50.2,100.0,1.0,-1.2833,36.8167
1045,2026-03-08 14:28:31,868428040514113,26.0,36.0,42.0,3.23,-1.0,31.3,52.3,100.0,1.0,-1.2833,36.8167
1044,2026-03-08 14:28:21,868428040514113,45.0,73.0,79.0,3.87,-1.0,31.5,51.2,100.0,1.0,-1.2833,36.8167
1043,2026-03-08 14:28:11,868428040514113,26.0,36.0,42.0,3.87,-1.0,31.3,52.5,100.0,1.0,-1.2833,36.8167
1042,2026-03-08 14:28:01,868428040514113,26.0,36.0,42.0,3.87,-1.0,31.3,52.6,100.0,1.0,-1.2833,36.8167
1041,2026-03-08 14:27:50,868428040514113,26.0,36.0,42.0,3.87,-1.0,31.4,51.9,100.0,1.0,-1.2833,36.8167
1040,2026-03-08 14:27:40,868428040514113,26.0,36.0,42.0,3.87,-1.0,31.6,53.2,100.0,1.0,-1.2833,36.8167
1039,2026-03-08 14:27:30,868428040514113,26.0,36.0,42.0,3.23,-1.0,31.5,52.8,100.0,1.0,-1.2833,36.8167
1038,2026-03-08 14:27:20,868428040514113,45.0,73.0,79.0,3.87,-1.0,31.5,50.8,100.0,1.0,-1.2833,36.8167
1037,2026-03-08 14:27:10,868428040514113,40.0,67.0,77.0,1.94,-1.0,31.5,49.7,100.0,1.0,-1.2833,36.8167
1036,2026-03-08 14:27:00,868428040514113,40.0,67.0,77.0,0.0,-1.0,31.4,49.8,100.0,1.0,-1.2833,36.8167
1035,2026-03-08 14:26:49,868428040514113,26.0,36.0,42.0,3.87,-1.0,31.4,52.7,100.0,1.0,-1.2833,36.8167
1034,2026-03-08 14:26:39,868428040514113,26.0,36.0,42.0,3.23,-1.0,31.4,52.2,100.0,1.0,-1.2833,36.8167
1033,2026-03-08 14:26:29,868428040514113,40.0,67.0,77.0,0.0,-1.0,31.2,51.3,100.0,1.0,-1.2833,36.8167
1032,2026-03-08 14:26:19,868428040514113,26.0,36.0,42.0,3.23,-1.0,31.4,52.1,100.0,1.0,-1.2833,36.8167
1031,2026-03-08 14:26:09,868428040514113,26.0,36.0,42.0,3.87,-1.0,31.3,52.4,100.0,1.0,-1.2833,36.8167
1030,2026-03-08 14:25:58,868428040514113,26.0,36.0,42.0,3.87,-1.0,31.4,52.8,100.0,1.0,-1.2833,36.8167
1029,2026-03-08 14:25:48,868428040514113,26.0,36.0,42.0,3.23,-1.0,31.5,51.4,100.0,1.0,-1.2833,36.8167
1028,2026-03-08 14:25:38,868428040514113,26.0,36.0,42.0,3.87,-1.0,31.4,51.6,100.0,1.0,-1.2833,36.8167
1027,2026-03-08 14:25:28,868428040514113,26.0,36.0,42.0,3.87,-1.0,31.4,51.9,100.0,1.0,-1.2833,36.8167
1026,2026-03-08 14:25:18,868428040514113,40.0,67.0,77.0,0.65,-1.0,31.5,49.7,100.0,1.0,-1.2833,36.8167
1025,2026-03-08 14:25:08,868428040514113,26.0,36.0,42.0,3.23,-1.0,31.3,52.6,100.0,1.0,-1.2833,36.8167
1024,2026-03-08 14:24:58,868428040514113,26.0,36.0,42.0,3.87,-1.0,31.4,51.7,100.0,1.0,-1.2833,36.8167
1023,2026-03-08 14:24:48,868428040514113,40.0,67.0,77.0,0.0,-1.0,31.4,50.2,100.0,1.0,-1.2833,36.8167
1022,2026-03-08 14:24:37,868428040514113,26.0,36.0,42.0,3.23,-1.0,31.3,52.3,100.0,1.0,-1.2833,36.8167
1021,2026-03-08 14:24:27,868428040514113,45.0,73.0,79.0,3.87,-1.0,31.5,51.2,100.0,1.0,-1.2833,36.8167
1020,2026-03-08 14:24:17,868428040514113,26.0,36.0,42.0,3.87,-1.0,31.3,52.5,100.0,1.0,-1.2833,36.8167
1019,2026-03-08 14:24:07,868428040514113,26.0,36.0,42.0,3.87,-1.0,31.3,52.6,100.0,1.0,-1.2833,36.8167
1018,2026-03-08 14:23:57,868428040514113,26.0,36.0,42.0,3.87,-1.0,31.4,51.9,100.0,1.0,-1.2833,36.8167
1017,2026-03-08 14:23:47,868428040514113,26.0,36.0,42.0,3.87,-1.0,31.6,53.2,100.0,1.0,-1.2833,36.8167
1016,2026-03-08 14:23:36,868428040514113,26.0,36.0,42.0,3.23,-1.0,31.5,52.8,100.0,1.0,-1.2833,36.8167
1015,2026-03-08 14:23:26,868428040514113,45.0,73.0,79.0,3.87,-1.0,31.5,50.8,100.0,1.0,-1.2833,36.8167
1014,2026-03-08 14:23:16,868428040514113,40.0,67.0,77.0,1.94,-1.0,31.5,49.7,100.0,1.0,-1.2833,36.8167
1013,2026-03-08 14:23:06,868428040514113,40.0,67.0,77.0,0.0,-1.0,31.4,49.8,100.0,1.0,-1.2833,36.8167
1012,2026-03-08 14:22:56,868428040514113,26.0,36.0,42.0,3.87,-1.0,31.4,52.7,100.0,1.0,-1.2833,36.8167
1011,2026-03-08 14:22:46,868428040514113,26.0,36.0,42.0,3.23,-1.0,31.4,52.2,100.0,1.0,-1.2833,36.8167
1010,2026-03-08 14:22:36,868428040514113,26.0,36.0,42.0,3.23,-1.0,31.4,52.1,100.0,1.0,-1.2833,36.8167
1009,2026-03-08 14:22:25,868428040514113,26.0,36.0,42.0,3.87,-1.0,31.3,52.4,100.0,1.0,-1.2833,36.8167
1008,2026-03-08 14:22:15,868428040514113,26.0,36.0,42.0,3.87,-1.0,31.4,52.8,100.0,1.0,-1.2833,36.8167
1007,2026-03-08 14:22:05,868428040514113,26.0,36.0,42.0,3.23,-1.0,31.5,51.4,100.0,1.0,-1.2833,36.8167
1006,2026-03-08 14:22:03,868428040514113,26.0,36.0,42.0,3.87,-1.0,31.4,51.6,100.0,1.0,-1.2833,36.8167
1005,2026-03-08 14:21:53,868428040514113,26.0,36.0,42.0,3.87,-1.0,31.4,51.9,100.0,1.0,-1.2833,36.8167
1004,2026-03-08 14:21:43,868428040514113,40.0,67.0,77.0,0.65,-1.0,31.5,49.7,100.0,1.0,-1.2833,36.8167
1003,2026-03-08 14:21:33,868428040514113,26.0,36.0,42.0,3.23,-1.0,31.3,52.6,100.0,1.0,-1.2833,36.8167
1002,2026-03-08 14:21:23,868428040514113,26.0,36.0,42.0,3.87,-1.0,31.4,51.7,100.0,1.0,-1.2833,36.8167
1001,2026-03-08 14:21:13,868428040514113,40.0,67.0,77.0,0.0,-1.0,31.4,50.2,100.0,1.0,-1.2833,36.8167
1000,2026-03-08 14:21:03,868428040514113,26.0,36.0,42.0,3.23,-1.0,31.3,52.3,100.0,1.0,-1.2833,36.8167
999,2026-03-08 14:20:53,868428040514113,45.0,73.0,79.0,3.87,-1.0,31.5,51.2,100.0,1.0,-1.2833,36.8167
998,2026-03-08 14:20:42,868428040514113,26.0,36.0,42.0,3.87,-1.0,31.3,52.5,100.0,1.0,-1.2833,36.8167
997,2026-03-08 14:20:32,868428040514113,26.0,36.0,42.0,3.87,-1.0,31.3,52.6,100.0,1.0,-1.2833,36.8167
996,2026-03-08 14:20:22,868428040514113,26.0,36.0,42.0,3.87,-1.0,31.4,51.9,100.0,1.0,-1.2833,36.8167
995,2026-03-08 14:20:12,868428040514113,26.0,36.0,42.0,3.87,-1.0,31.6,53.2,100.0,1.0,-1.2833,36.8167
994,2026-03-08 14:20:02,868428040514113,26.0,36.0,42.0,3.23,-1.0,31.5,52.8,100.0,1.0,-1.2833,36.8167
993,2026-03-08 14:19:52,868428040514113,45.0,73.0,79.0,3.87,-1.0,31.5,50.8,100.0,1.0,-1.2833,36.8167
992,2026-03-08 14:19:42,868428040514113,40.0,67.0,77.0,1.94,-1.0,31.5,49.7,100.0,1.0,-1.2833,36.8167
991,2026-03-08 14:19:32,868428040514113,40.0,67.0,77.0,0.0,-1.0,31.4,49.8,100.0,1.0,-1.2833,36.8167
990,2026-03-08 14:19:22,868428040514113,26.0,36.0,42.0,3.87,-1.0,31.4,52.7,100.0,1.0,-1.2833,36.8167
989,2026-03-08 14:19:12,868428040514113,26.0,36.0,42.0,3.23,-1.0,31.4,52.2,100.0,1.0,-1.2833,36.8167
988,2026-03-08 14:19:02,868428040514113,26.0,36.0,42.0,3.23,-1.0,31.4,52.1,100.0,1.0,-1.2833,36.8167
987,2026-03-08 14:18:51,868428040514113,26.0,36.0,42.0,3.87,-1.0,31.3,52.4,100.0,1.0,-1.2833,36.8167
986,2026-03-08 14:18:41,868428040514113,26.0,36.0,42.0,3.87,-1.0,31.4,52.8,100.0,1.0,-1.2833,36.8167
985,2026-03-08 14:18:31,868428040514113,26.0,36.0,42.0,3.23,-1.0,31.5,51.4,100.0,1.0,-1.2833,36.8167
984,2026-03-08 14:18:21,868428040514113,26.0,36.0,42.0,3.87,-1.0,31.4,51.6,100.0,1.0,-1.2833,36.8167
983,2026-03-08 14:18:11,868428040514113,26.0,36.0,42.0,3.87,-1.0,31.4,51.9,100.0,1.0,-1.2833,36.8167
982,2026-03-08 14:18:01,868428040514113,40.0,67.0,77.0,0.65,-1.0,31.5,49.7,100.0,1.0,-1.2833,36.8167
981,2026-03-08 14:17:51,868428040514113,26.0,36.0,42.0,3.23,-1.0,31.3,52.6,100.0,1.0,-1.2833,36.8167
980,2026-03-08 14:17:41,868428040514113,26.0,36.0,42.0,3.87,-1.0,31.4,51.7,100.0,1.0,-1.2833,36.8167
979,2026-03-08 14:17:31,868428040514113,26.0,36.0,42.0,3.23,-1.0,31.3,52.3,100.0,1.0,-1.2833,36.8167
978,2026-03-08 14:17:21,868428040514113,45.0,73.0,79.0,3.87,-1.0,31.5,51.2,100.0,1.0,-1.2833,36.8167
977,2026-03-08 14:17:11,868428040514113,26.0,36.0,42.0,3.87,-1.0,31.3,52.5,100.0,1.0,-1.2833,36.8167
976,2026-03-08 14:17:01,868428040514113,26.0,36.0,42.0,3.87,-1.0,31.3,52.6,100.0,1.0,-1.2833,36.8167
975,2026-03-08 14:16:50,868428040514113,26.0,36.0,42.0,3.87,-1.0,31.4,51.9,100.0,1.0,-1.2833,36.8167
974,2026-03-08 14:16:40,868428040514113,26.0,36.0,42.0,3.87,-1.0,31.6,53.2,100.0,1.0,-1.2833,36.8167
973,2026-03-08 14:16:30,868428040514113,26.0,36.0,42.0,3.23,-1.0,31.5,52.8,100.0,1.0,-1.2833,36.8167
972,2026-03-08 14:16:20,868428040514113,45.0,73.0,79.0,3.87,-1.0,31.5,50.8,100.0,1.0,-1.2833,36.8167
971,2026-03-08 14:16:10,868428040514113,40.0,67.0,77.0,1.94,-1.0,31.5,49.7,100.0,1.0,-1.2833,36.8167
970,2026-03-08 14:16:00,868428040514113,40.0,67.0,77.0,0.0,-1.0,31.4,49.8,100.0,1.0,-1.2833,36.8167
969,2026-03-08 14:15:50,868428040514113,26.0,36.0,42.0,3.87,-1.0,31.4,52.7,100.0,1.0,-1.2833,36.8167
968,2026-03-08 14:15:40,868428040514113,26.0,36.0,42.0,3.23,-1.0,31.4,52.2,100.0,1.0,-1.2833,36.8167
967,2026-03-08 14:15:30,868428040514113,26.0,36.0,42.0,3.23,-1.0,31.4,52.1,100.0,1.0,-1.2833,36.8167
966,2026-03-08 14:15:20,868428040514113,26.0,36.0,42.0,3.87,-1.0,31.3,52.4,100.0,1.0,-1.2833,36.8167
965,2026-03-08 14:15:10,868428040514113,26.0,36.0,42.0,3.87,-1.0,31.4,52.8,100.0,1.0,-1.2833,36.8167
964,2026-03-08 14:15:00,868428040514113,26.0,36.0,42.0,3.23,-1.0,31.5,51.4,100.0,1.0,-1.2833,36.8167
963,2026-03-08 14:14:50,868428040514113,26.0,36.0,42.0,3.87,-1.0,31.4,51.6,100.0,1.0,-1.2833,36.8167
962,2026-03-08 14:14:39,868428040514113,26.0,36.0,42.0,3.87,-1.0,31.4,51.9,100.0,1.0,-1.2833,36.8167
961,2026-03-08 14:14:38,868428040514113,26.0,36.0,42.0,3.87,-1.0,31.6,51.2,100.0,1.0,-1.2833,36.8167
960,2026-03-08 14:14:28,868428040514113,40.0,67.0,77.0,0.65,-1.0,31.5,49.7,100.0,1.0,-1.2833,36.8167
959,2026-03-08 14:14:18,868428040514113,26.0,36.0,42.0,3.23,-1.0,31.3,52.6,100.0,1.0,-1.2833,36.8167
958,2026-03-08 14:14:08,868428040514113,26.0,36.0,42.0,3.87,-1.0,31.4,51.7,100.0,1.0,-1.2833,36.8167
957,2026-03-08 14:13:57,868428040514113,26.0,36.0,42.0,3.23,-1.0,31.3,52.3,100.0,1.0,-1.2833,36.8167
956,2026-03-08 14:13:47,868428040514113,45.0,73.0,79.0,3.87,-1.0,31.5,51.2,100.0,1.0,-1.2833,36.8167
955,2026-03-08 14:13:37,868428040514113,26.0,36.0,42.0,3.87,-1.0,31.3,52.5,100.0,1.0,-1.2833,36.8167
954,2026-03-08 14:13:27,868428040514113,26.0,36.0,42.0,3.87,-1.0,31.3,52.6,100.0,1.0,-1.2833,36.8167
953,2026-03-08 14:13:17,868428040514113,26.0,36.0,42.0,3.87,-1.0,31.4,51.9,100.0,1.0,-1.2833,36.8167
952,2026-03-08 14:13:07,868428040514113,26.0,36.0,42.0,3.87,-1.0,31.6,53.2,100.0,1.0,-1.2833,36.8167
951,2026-03-08 14:12:57,868428040514113,26.0,36.0,42.0,3.23,-1.0,31.5,52.8,100.0,1.0,-1.2833,36.8167
950,2026-03-08 14:12:47,868428040514113,45.0,73.0,79.0,3.87,-1.0,31.5,50.8,100.0,1.0,-1.2833,36.8167
949,2026-03-08 14:12:37,868428040514113,40.0,67.0,77.0,1.94,-1.0,31.5,49.7,100.0,1.0,-1.2833,36.8167
948,2026-03-08 14:12:27,868428040514113,26.0,36.0,42.0,3.87,-1.0,31.4,52.7,100.0,1.0,-1.2833,36.8167
947,2026-03-08 14:12:16,868428040514113,26.0,36.0,42.0,3.23,-1.0,31.4,52.2,100.0,1.0,-1.2833,36.8167
946,2026-03-08 14:12:06,868428040514113,26.0,36.0,42.0,3.23,-1.0,31.4,52.1,100.0,1.0,-1.2833,36.8167
945,2026-03-08 14:11:56,868428040514113,26.0,36.0,42.0,3.87,-1.0,31.3,52.4,100.0,1.0,-1.2833,36.8167
944,2026-03-08 14:11:46,868428040514113,26.0,36.0,42.0,3.87,-1.0,31.4,52.8,100.0,1.0,-1.2833,36.8167
943,2026-03-08 14:11:36,868428040514113,26.0,36.0,42.0,3.23,-1.0,31.5,51.4,100.0,1.0,-1.2833,36.8167
942,2026-03-08 14:11:26,868428040514113,26.0,36.0,42.0,3.87,-1.0,31.4,51.6,100.0,1.0,-1.2833,36.8167
941,2026-03-08 14:11:16,868428040514113,26.0,36.0,42.0,3.87,-1.0,31.4,51.9,100.0,1.0,-1.2833,36.8167
940,2026-03-08 14:11:06,868428040514113,26.0,36.0,42.0,3.87,-1.0,31.6,51.2,100.0,1.0,-1.2833,36.8167
939,2026-03-08 14:10:56,868428040514113,40.0,67.0,77.0,0.65,-1.0,31.5,49.7,100.0,1.0,-1.2833,36.8167
938,2026-03-08 14:10:46,868428040514113,26.0,36.0,42.0,3.23,-1.0,31.3,52.6,100.0,1.0,-1.2833,36.8167
937,2026-03-08 14:10:35,868428040514113,26.0,36.0,42.0,3.87,-1.0,31.4,51.7,100.0,1.0,-1.2833,36.8167
936,2026-03-08 14:10:25,868428040514113,26.0,36.0,42.0,3.23,-1.0,31.3,52.3,100.0,1.0,-1.2833,36.8167
935,2026-03-08 14:10:15,868428040514113,45.0,73.0,79.0,3.87,-1.0,31.5,51.2,100.0,1.0,-1.2833,36.8167
934,2026-03-08 14:10:05,868428040514113,26.0,36.0,42.0,3.87,-1.0,31.3,52.5,100.0,1.0,-1.2833,36.8167
933,2026-03-08 14:10:03,868428040514113,26.0,36.0,42.0,3.87,-1.0,31.3,52.6,100.0,1.0,-1.2833,36.8167
932,2026-03-08 14:09:53,868428040514113,26.0,36.0,42.0,3.87,-1.0,31.4,51.9,100.0,1.0,-1.2833,36.8167
931,2026-03-08 14:09:43,868428040514113,26.0,36.0,42.0,3.87,-1.0,31.6,53.2,100.0,1.0,-1.2833,36.8167
930,2026-03-08 14:09:32,868428040514113,26.0,36.0,42.0,3.23,-1.0,31.5,52.8,100.0,1.0,-1.2833,36.8167
929,2026-03-08 14:09:22,868428040514113,45.0,73.0,79.0,3.87,-1.0,31.5,50.8,100.0,1.0,-1.2833,36.8167
928,2026-03-08 14:09:12,868428040514113,40.0,67.0,77.0,1.94,-1.0,31.5,49.7,100.0,1.0,-1.2833,36.8167
927,2026-03-08 14:09:02,868428040514113,26.0,36.0,42.0,3.87,-1.0,31.4,52.7,100.0,1.0,-1.2833,36.8167
926,2026-03-08 14:08:52,868428040514113,26.0,36.0,42.0,3.23,-1.0,31.4,52.2,100.0,1.0,-1.2833,36.8167
925,2026-03-08 14:08:42,868428040514113,26.0,36.0,42.0,3.23,-1.0,31.4,52.1,100.0,1.0,-1.2833,36.8167
924,2026-03-08 14:08:32,868428040514113,26.0,36.0,42.0,3.87,-1.0,31.3,52.4,100.0,1.0,-1.2833,36.8167
923,2026-03-08 14:08:21,868428040514113,26.0,36.0,42.0,3.87,-1.0,31.4,52.8,100.0,1.0,-1.2833,36.8167
922,2026-03-08 14:08:11,868428040514113,26.0,36.0,42.0,3.23,-1.0,31.5,51.4,100.0,1.0,-1.2833,36.8167
921,2026-03-08 14:08:01,868428040514113,26.0,36.0,42.0,3.87,-1.0,31.4,51.6,100.0,1.0,-1.2833,36.8167
920,2026-03-08 14:07:51,868428040514113,26.0,36.0,42.0,3.87,-1.0,31.4,51.9,100.0,1.0,-1.2833,36.8167
919,2026-03-08 14:07:41,868428040514113,26.0,36.0,42.0,3.87,-1.0,31.6,51.2,100.0,1.0,-1.2833,36.8167
918,2026-03-08 14:07:31,868428040514113,26.0,36.0,42.0,3.23,-1.0,31.3,52.6,100.0,1.0,-1.2833,36.8167
917,2026-03-08 14:07:20,868428040514113,26.0,36.0,42.0,3.87,-1.0,31.4,51.7,100.0,1.0,-1.2833,36.8167
916,2026-03-08 14:07:10,868428040514113,26.0,36.0,42.0,3.23,-1.0,31.3,52.3,100.0,1.0,-1.2833,36.8167
915,2026-03-08 14:07:00,868428040514113,45.0,73.0,79.0,3.87,-1.0,31.5,51.2,100.0,1.0,-1.2833,36.8167
914,2026-03-08 14:06:50,868428040514113,26.0,36.0,42.0,3.87,-1.0,31.3,52.5,100.0,1.0,-1.2833,36.8167
913,2026-03-08 14:06:40,868428040514113,26.0,36.0,42.0,3.87,-1.0,31.3,52.6,100.0,1.0,-1.2833,36.8167
912,2026-03-08 14:06:30,868428040514113,26.0,36.0,42.0,3.87,-1.0,31.4,51.9,100.0,1.0,-1.2833,36.8167
911,2026-03-08 14:06:20,868428040514113,26.0,36.0,42.0,3.87,-1.0,31.6,53.2,100.0,1.0,-1.2833,36.8167
910,2026-03-08 14:06:10,868428040514113,26.0,36.0,42.0,3.23,-1.0,31.5,52.8,100.0,1.0,-1.2833,36.8167
909,2026-03-08 14:05:59,868428040514113,45.0,73.0,79.0,3.87,-1.0,31.5,50.8,100.0,1.0,-1.2833,36.8167
908,2026-03-08 14:05:49,868428040514113,40.0,67.0,77.0,1.94,-1.0,31.5,49.7,100.0,1.0,-1.2833,36.8167
907,2026-03-08 14:05:39,868428040514113,26.0,36.0,42.0,3.87,-1.0,31.4,52.7,100.0,1.0,-1.2833,36.8167
906,2026-03-08 14:05:29,868428040514113,26.0,36.0,42.0,3.23,-1.0,31.4,52.2,100.0,1.0,-1.2833,36.8167
905,2026-03-08 14:05:19,868428040514113,26.0,36.0,42.0,3.23,-1.0,31.4,52.1,100.0,1.0,-1.2833,36.8167
904,2026-03-08 14:05:09,868428040514113,26.0,36.0,42.0,3.87,-1.0,31.3,52.4,100.0,1.0,-1.2833,36.8167
903,2026-03-08 14:04:59,868428040514113,26.0,36.0,42.0,3.87,-1.0,31.4,52.8,100.0,1.0,-1.2833,36.8167
902,2026-03-08 14:04:49,868428040514113,26.0,36.0,42.0,3.23,-1.0,31.5,51.4,100.0,1.0,-1.2833,36.8167
901,2026-03-08 14:04:39,868428040514113,26.0,36.0,42.0,3.87,-1.0,31.4,51.6,100.0,1.0,-1.2833,36.8167
900,2026-03-08 14:04:29,868428040514113,26.0,36.0,42.0,3.87,-1.0,31.4,51.9,100.0,1.0,-1.2833,36.8167
899,2026-03-08 14:04:19,868428040514113,26.0,36.0,42.0,3.87,-1.0,31.6,51.2,100.0,1.0,-1.2833,36.8167
898,2026-03-08 14:04:08,868428040514113,26.0,36.0,42.0,3.23,-1.0,31.3,52.6,100.0,1.0,-1.2833,36.8167
897,2026-03-08 14:03:58,868428040514113,26.0,36.0,42.0,3.87,-1.0,31.4,51.7,100.0,1.0,-1.2833,36.8167
896,2026-03-08 14:03:48,868428040514113,26.0,36.0,42.0,3.23,-1.0,31.3,52.3,100.0,1.0,-1.2833,36.8167
895,2026-03-08 14:03:38,868428040514113,45.0,73.0,79.0,3.87,-1.0,31.5,51.2,100.0,1.0,-1.2833,36.8167
894,2026-03-08 14:03:28,868428040514113,26.0,36.0,42.0,3.87,-1.0,31.3,52.5,100.0,1.0,-1.2833,36.8167
893,2026-03-08 14:03:18,868428040514113,26.0,36.0,42.0,3.87,-1.0,31.3,52.6,100.0,1.0,-1.2833,36.8167
892,2026-03-08 14:03:07,868428040514113,26.0,36.0,42.0,3.87,-1.0,31.4,51.9,100.0,1.0,-1.2833,36.8167
891,2026-03-08 14:02:57,868428040514113,26.0,36.0,42.0,3.87,-1.0,31.6,53.2,100.0,1.0,-1.2833,36.8167
890,2026-03-08 14:02:47,868428040514113,26.0,36.0,42.0,3.23,-1.0,31.5,52.8,100.0,1.0,-1.2833,36.8167
889,2026-03-08 14:02:37,868428040514113,45.0,73.0,79.0,3.87,-1.0,31.5,50.8,100.0,1.0,-1.2833,36.8167
888,2026-03-08 14:02:27,868428040514113,26.0,36.0,42.0,3.87,-1.0,31.4,52.7,100.0,1.0,-1.2833,36.8167
887,2026-03-08 14:02:17,868428040514113,26.0,36.0,42.0,3.23,-1.0,31.4,52.2,100.0,1.0,-1.2833,36.8167
886,2026-03-08 14:02:07,868428040514113,26.0,36.0,42.0,3.23,-1.0,31.4,52.1,100.0,1.0,-1.2833,36.8167
885,2026-03-08 14:01:57,868428040514113,26.0,36.0,42.0,3.87,-1.0,31.3,52.4,100.0,1.0,-1.2833,36.8167
884,2026-03-08 14:01:47,868428040514113,26.0,36.0,42.0,3.87,-1.0,31.4,52.8,100.0,1.0,-1.2833,36.8167
883,2026-03-08 14:01:36,868428040514113,26.0,36.0,42.0,3.23,-1.0,31.5,51.4,100.0,1.0,-1.2833,36.8167
882,2026-03-08 14:01:26,868428040514113,26.0,36.0,42.0,3.87,-1.0,31.4,51.6,100.0,1.0,-1.2833,36.8167
881,2026-03-08 14:01:16,868428040514113,26.0,36.0,42.0,3.87,-1.0,31.4,51.9,100.0,1.0,-1.2833,36.8167
880,2026-03-08 14:01:06,868428040514113,26.0,36.0,42.0,3.87,-1.0,31.6,51.2,100.0,1.0,-1.2833,36.8167
879,2026-03-08 14:00:56,868428040514113,26.0,36.0,42.0,3.23,-1.0,31.3,52.6,100.0,1.0,-1.2833,36.8167
878,2026-03-08 14:00:46,868428040514113,26.0,36.0,42.0,3.87,-1.0,31.4,51.7,100.0,1.0,-1.2833,36.8167
877,2026-03-08 14:00:36,868428040514113,26.0,36.0,42.0,3.23,-1.0,31.3,52.3,100.0,1.0,-1.2833,36.8167
876,2026-03-08 14:00:26,868428040514113,45.0,73.0,79.0,3.87,-1.0,31.5,51.2,100.0,1.0,-1.2833,36.8167
875,2026-03-08 14:00:15,868428040514113,26.0,36.0,42.0,3.87,-1.0,31.3,52.5,100.0,1.0,-1.2833,36.8167
874,2026-03-08 14:00:05,868428040514113,26.0,36.0,42.0,3.87,-1.0,31.3,52.6,100.0,1.0,-1.2833,36.8167
873,2026-03-08 13:59:55,868428040514113,26.0,36.0,42.0,3.87,-1.0,31.4,51.9,100.0,1.0,-1.2833,36.8167
872,2026-03-08 13:59:45,868428040514113,26.0,36.0,42.0,3.87,-1.0,31.6,53.2,100.0,1.0,-1.2833,36.8167
871,2026-03-08 13:59:35,868428040514113,26.0,36.0,42.0,3.23,-1.0,31.5,52.8,100.0,1.0,-1.2833,36.8167
870,2026-03-08 13:59:25,868428040514113,45.0,73.0,79.0,3.87,-1.0,31.5,50.8,100.0,1.0,-1.2833,36.8167
869,2026-03-08 13:59:15,868428040514113,26.0,36.0,42.0,3.87,-1.0,31.4,52.7,100.0,1.0,-1.2833,36.8167
868,2026-03-08 13:59:04,868428040514113,26.0,36.0,42.0,3.23,-1.0,31.4,52.2,100.0,1.0,-1.2833,36.8167
867,2026-03-08 13:58:54,868428040514113,26.0,36.0,42.0,3.23,-1.0,31.4,52.1,100.0,1.0,-1.2833,36.8167
866,2026-03-08 13:58:44,868428040514113,26.0,36.0,42.0,3.87,-1.0,31.3,52.4,100.0,1.0,-1.2833,36.8167
865,2026-03-08 13:58:34,868428040514113,26.0,36.0,42.0,3.87,-1.0,31.4,52.8,100.0,1.0,-1.2833,36.8167
864,2026-03-08 13:58:24,868428040514113,26.0,36.0,42.0,3.23,-1.0,31.5,51.4,100.0,1.0,-1.2833,36.8167
863,2026-03-08 13:58:14,868428040514113,26.0,36.0,42.0,3.87,-1.0,31.4,51.6,100.0,1.0,-1.2833,36.8167
862,2026-03-08 13:58:04,868428040514113,26.0,36.0,42.0,3.87,-1.0,31.4,51.9,100.0,1.0,-1.2833,36.8167
861,2026-03-08 13:57:54,868428040514113,26.0,36.0,42.0,3.87,-1.0,31.6,51.2,100.0,1.0,-1.2833,36.8167
860,2026-03-08 13:57:44,868428040514113,26.0,36.0,42.0,3.23,-1.0,31.3,52.6,100.0,1.0,-1.2833,36.8167
859,2026-03-08 13:57:34,868428040514113,26.0,36.0,42.0,3.87,-1.0,31.4,51.7,100.0,1.0,-1.2833,36.8167
858,2026-03-08 13:57:24,868428040514113,26.0,36.0,42.0,3.23,-1.0,31.3,52.3,100.0,1.0,-1.2833,36.8167
857,2026-03-08 13:57:14,868428040514113,45.0,73.0,79.0,3.87,-1.0,31.5,51.2,100.0,1.0,-1.2833,36.8167
856,2026-03-08 13:57:03,868428040514113,26.0,36.0,42.0,3.87,-1.0,31.3,52.5,100.0,1.0,-1.2833,36.8167
855,2026-03-08 13:56:53,868428040514113,26.0,36.0,42.0,3.87,-1.0,31.3,52.6,100.0,1.0,-1.2833,36.8167
854,2026-03-08 13:56:43,868428040514113,26.0,36.0,42.0,3.87,-1.0,31.4,51.9,100.0,1.0,-1.2833,36.8167
853,2026-03-08 13:56:33,868428040514113,26.0,36.0,42.0,3.87,-1.0,31.6,53.2,100.0,1.0,-1.2833,36.8167
852,2026-03-08 13:56:23,868428040514113,26.0,36.0,42.0,3.23,-1.0,31.5,52.8,100.0,1.0,-1.2833,36.8167
851,2026-03-08 13:56:13,868428040514113,45.0,73.0,79.0,3.87,-1.0,31.5,50.8,100.0,1.0,-1.2833,36.8167
850,2026-03-08 13:56:03,868428040514113,26.0,36.0,42.0,3.87,-1.0,31.4,52.7,100.0,1.0,-1.2833,36.8167
849,2026-03-08 13:55:53,868428040514113,26.0,36.0,42.0,3.23,-1.0,31.4,52.2,100.0,1.0,-1.2833,36.8167
848,2026-03-08 13:55:42,868428040514113,26.0,36.0,42.0,3.23,-1.0,31.4,52.1,100.0,1.0,-1.2833,36.8167
847,2026-03-08 13:55:32,868428040514113,26.0,36.0,42.0,3.87,-1.0,31.3,52.4,100.0,1.0,-1.2833,36.8167
846,2026-03-08 13:55:22,868428040514113,26.0,36.0,42.0,3.87,-1.0,31.4,52.8,100.0,1.0,-1.2833,36.8167
845,2026-03-08 13:55:11,868428040514113,26.0,36.0,42.0,3.23,-1.0,31.5,51.4,100.0,1.0,-1.2833,36.8167
844,2026-03-08 13:55:01,868428040514113,26.0,36.0,42.0,3.87,-1.0,31.4,51.6,100.0,1.0,-1.2833,36.8167
843,2026-03-08 13:54:51,868428040514113,26.0,36.0,42.0,3.87,-1.0,31.4,51.9,100.0,1.0,-1.2833,36.8167
842,2026-03-08 13:54:41,868428040514113,26.0,36.0,42.0,3.87,-1.0,31.6,51.2,100.0,1.0,-1.2833,36.8167
841,2026-03-08 13:54:31,868428040514113,26.0,36.0,42.0,3.23,-1.0,31.3,52.6,100.0,1.0,-1.2833,36.8167
840,2026-03-08 13:54:21,868428040514113,26.0,36.0,42.0,3.87,-1.0,31.4,51.7,100.0,1.0,-1.2833,36.8167
839,2026-03-08 13:54:11,868428040514113,26.0,36.0,42.0,3.23,-1.0,31.3,52.3,100.0,1.0,-1.2833,36.8167
838,2026-03-08 13:54:01,868428040514113,45.0,73.0,79.0,3.87,-1.0,31.5,51.2,100.0,1.0,-1.2833,36.8167
837,2026-03-08 13:53:51,868428040514113,26.0,36.0,42.0,3.87,-1.0,31.3,52.5,100.0,1.0,-1.2833,36.8167
836,2026-03-08 13:53:40,868428040514113,26.0,36.0,42.0,3.87,-1.0,31.3,52.6,100.0,1.0,-1.2833,36.8167
835,2026-03-08 13:53:30,868428040514113,26.0,36.0,42.0,3.87,-1.0,31.4,51.9,100.0,1.0,-1.2833,36.8167
834,2026-03-08 13:53:20,868428040514113,26.0,36.0,42.0,3.87,-1.0,31.6,53.2,100.0,1.0,-1.2833,36.8167
833,2026-03-08 13:53:10,868428040514113,26.0,36.0,42.0,3.23,-1.0,31.5,52.8,100.0,1.0,-1.2833,36.8167
832,2026-03-08 13:53:00,868428040514113,26.0,36.0,42.0,3.87,-1.0,31.4,52.7,100.0,1.0,-1.2833,36.8167
831,2026-03-08 13:52:50,868428040514113,26.0,36.0,42.0,3.23,-1.0,31.4,52.2,100.0,1.0,-1.2833,36.8167
830,2026-03-08 13:52:40,868428040514113,26.0,36.0,42.0,3.23,-1.0,31.4,52.1,100.0,1.0,-1.2833,36.8167
829,2026-03-08 13:52:29,868428040514113,26.0,36.0,42.0,3.87,-1.0,31.3,52.4,100.0,1.0,-1.2833,36.8167
828,2026-03-08 13:52:19,868428040514113,26.0,36.0,42.0,3.87,-1.0,31.4,52.8,100.0,1.0,-1.2833,36.8167
827,2026-03-08 13:52:09,868428040514113,26.0,36.0,42.0,3.23,-1.0,31.5,51.4,100.0,1.0,-1.2833,36.8167
826,2026-03-08 13:51:59,868428040514113,26.0,36.0,42.0,3.87,-1.0,31.4,51.6,100.0,1.0,-1.2833,36.8167
825,2026-03-08 13:51:49,868428040514113,26.0,36.0,42.0,3.87,-1.0,31.4,51.9,100.0,1.0,-1.2833,36.8167
824,2026-03-08 13:51:39,868428040514113,26.0,36.0,42.0,3.87,-1.0,31.6,51.2,100.0,1.0,-1.2833,36.8167
823,2026-03-08 13:51:29,868428040514113,26.0,36.0,42.0,3.23,-1.0,31.3,52.6,100.0,1.0,-1.2833,36.8167
822,2026-03-08 13:51:19,868428040514113,26.0,36.0,42.0,3.87,-1.0,31.4,51.7,100.0,1.0,-1.2833,36.8167
821,2026-03-08 13:51:09,868428040514113,26.0,36.0,42.0,3.23,-1.0,31.3,52.3,100.0,1.0,-1.2833,36.8167
820,2026-03-08 13:50:59,868428040514113,45.0,73.0,79.0,3.87,-1.0,31.5,51.2,100.0,1.0,-1.2833,36.8167
819,2026-03-08 13:50:49,868428040514113,26.0,36.0,42.0,3.87,-1.0,31.3,52.5,100.0,1.0,-1.2833,36.8167
818,2026-03-08 13:50:39,868428040514113,26.0,36.0,42.0,3.87,-1.0,31.3,52.6,100.0,1.0,-1.2833,36.8167
817,2026-03-08 13:50:28,868428040514113,26.0,36.0,42.0,3.87,-1.0,31.4,51.9,100.0,1.0,-1.2833,36.8167
816,2026-03-08 13:50:18,868428040514113,26.0,36.0,42.0,3.87,-1.0,31.6,53.2,100.0,1.0,-1.2833,36.8167
815,2026-03-08 13:50:08,868428040514113,26.0,36.0,42.0,3.23,-1.0,31.5,52.8,100.0,1.0,-1.2833,36.8167
814,2026-03-08 13:49:58,868428040514113,26.0,36.0,42.0,3.87,-1.0,31.4,52.7,100.0,1.0,-1.2833,36.8167
813,2026-03-08 13:49:48,868428040514113,26.0,36.0,42.0,3.23,-1.0,31.4,52.2,100.0,1.0,-1.2833,36.8167
812,2026-03-08 13:49:38,868428040514113,26.0,36.0,42.0,3.23,-1.0,31.4,52.1,100.0,1.0,-1.2833,36.8167
811,2026-03-08 13:49:27,868428040514113,26.0,36.0,42.0,3.87,-1.0,31.3,52.4,100.0,1.0,-1.2833,36.8167
810,2026-03-08 13:49:17,868428040514113,26.0,36.0,42.0,3.87,-1.0,31.4,52.8,100.0,1.0,-1.2833,36.8167
809,2026-03-08 13:49:07,868428040514113,26.0,36.0,42.0,3.23,-1.0,31.5,51.4,100.0,1.0,-1.2833,36.8167
808,2026-03-08 13:48:57,868428040514113,26.0,36.0,42.0,3.87,-1.0,31.4,51.6,100.0,1.0,-1.2833,36.8167
807,2026-03-08 13:48:47,868428040514113,26.0,36.0,42.0,3.87,-1.0,31.4,51.9,100.0,1.0,-1.2833,36.8167
806,2026-03-08 13:48:37,868428040514113,26.0,36.0,42.0,3.87,-1.0,31.6,51.2,100.0,1.0,-1.2833,36.8167
805,2026-03-08 13:48:27,868428040514113,26.0,36.0,42.0,3.23,-1.0,31.3,52.6,100.0,1.0,-1.2833,36.8167
804,2026-03-08 13:48:17,868428040514113,26.0,36.0,42.0,3.87,-1.0,31.4,51.7,100.0,1.0,-1.2833,36.8167
803,2026-03-08 13:48:07,868428040514113,26.0,36.0,42.0,3.23,-1.0,31.3,52.3,100.0,1.0,-1.2833,36.8167
802,2026-03-08 13:47:56,868428040514113,26.0,36.0,42.0,3.87,-1.0,31.3,52.5,100.0,1.0,-1.2833,36.8167
801,2026-03-08 13:47:46,868428040514113,26.0,36.0,42.0,3.87,-1.0,31.3,52.6,100.0,1.0,-1.2833,36.8167
800,2026-03-08 13:47:36,868428040514113,26.0,36.0,42.0,3.87,-1.0,31.4,51.9,100.0,1.0,-1.2833,36.8167
799,2026-03-08 13:47:26,868428040514113,26.0,36.0,42.0,3.87,-1.0,31.6,53.2,100.0,1.0,-1.2833,36.8167
798,2026-03-08 13:47:16,868428040514113,26.0,36.0,42.0,3.23,-1.0,31.5,52.8,100.0,1.0,-1.2833,36.8167
797,2026-03-08 13:47:06,868428040514113,26.0,36.0,42.0,3.87,-1.0,31.4,52.7,100.0,1.0,-1.2833,36.8167
796,2026-03-08 13:46:56,868428040514113,26.0,36.0,42.0,3.23,-1.0,31.4,52.2,100.0,1.0,-1.2833,36.8167
795,2026-03-08 13:46:46,868428040514113,26.0,36.0,42.0,3.23,-1.0,31.4,52.1,100.0,1.0,-1.2833,36.8167
794,2026-03-08 13:46:36,868428040514113,26.0,36.0,42.0,3.87,-1.0,31.3,52.4,100.0,1.0,-1.2833,36.8167
793,2026-03-08 13:46:26,868428040514113,26.0,36.0,42.0,3.87,-1.0,31.4,52.8,100.0,1.0,-1.2833,36.8167
792,2026-03-08 13:46:15,868428040514113,26.0,36.0,42.0,3.23,-1.0,31.5,51.4,100.0,1.0,-1.2833,36.8167
791,2026-03-08 13:46:05,868428040514113,26.0,36.0,42.0,3.87,-1.0,31.4,51.6,100.0,1.0,-1.2833,36.8167
790,2026-03-08 13:45:55,868428040514113,26.0,36.0,42.0,3.87,-1.0,31.4,51.9,100.0,1.0,-1.2833,36.8167
789,2026-03-08 13:45:45,868428040514113,26.0,36.0,42.0,3.87,-1.0,31.6,51.2,100.0,1.0,-1.2833,36.8167
788,2026-03-08 13:45:35,868428040514113,26.0,36.0,42.0,3.23,-1.0,31.3,52.6,100.0,1.0,-1.2833,36.8167
787,2026-03-08 13:45:25,868428040514113,26.0,36.0,42.0,3.87,-1.0,31.4,51.7,100.0,1.0,-1.2833,36.8167
786,2026-03-08 13:45:15,868428040514113,26.0,36.0,42.0,3.23,-1.0,31.3,52.3,100.0,1.0,-1.2833,36.8167
785,2026-03-08 13:45:05,868428040514113,26.0,36.0,42.0,3.87,-1.0,31.3,52.5,100.0,1.0,-1.2833,36.8167
784,2026-03-08 13:44:54,868428040514113,26.0,36.0,42.0,3.87,-1.0,31.3,52.6,100.0,1.0,-1.2833,36.8167
783,2026-03-08 13:44:44,868428040514113,26.0,36.0,42.0,3.87,-1.0,31.4,51.9,100.0,1.0,-1.2833,36.8167
782,2026-03-08 13:44:34,868428040514113,26.0,36.0,42.0,3.87,-1.0,31.6,53.2,100.0,1.0,-1.2833,36.8167
781,2026-03-08 13:44:24,868428040514113,26.0,36.0,42.0,3.23,-1.0,31.5,52.8,100.0,1.0,-1.2833,36.8167
780,2026-03-08 13:44:14,868428040514113,26.0,36.0,42.0,3.87,-1.0,31.4,52.7,100.0,1.0,-1.2833,36.8167
779,2026-03-08 13:44:04,868428040514113,26.0,36.0,42.0,3.23,-1.0,31.4,52.2,100.0,1.0,-1.2833,36.8167
778,2026-03-08 13:43:54,868428040514113,26.0,36.0,42.0,3.23,-1.0,31.4,52.1,100.0,1.0,-1.2833,36.8167
777,2026-03-08 13:43:44,868428040514113,26.0,36.0,42.0,3.87,-1.0,31.3,52.4,100.0,1.0,-1.2833,36.8167
776,2026-03-08 13:43:34,868428040514113,26.0,36.0,42.0,3.87,-1.0,31.4,52.8,100.0,1.0,-1.2833,36.8167
775,2026-03-08 13:43:24,868428040514113,26.0,36.0,42.0,3.23,-1.0,31.5,51.4,100.0,1.0,-1.2833,36.8167
774,2026-03-08 13:43:14,868428040514113,26.0,36.0,42.0,3.87,-1.0,31.4,51.6,100.0,1.0,-1.2833,36.8167
773,2026-03-08 13:43:04,868428040514113,26.0,36.0,42.0,3.87,-1.0,31.4,51.9,100.0,1.0,-1.2833,36.8167
772,2026-03-08 13:42:53,868428040514113,26.0,36.0,42.0,3.23,-1.0,31.3,52.6,100.0,1.0,-1.2833,36.8167
771,2026-03-08 13:42:43,868428040514113,26.0,36.0,42.0,3.87,-1.0,31.4,51.7,100.0,1.0,-1.2833,36.8167
770,2026-03-08 13:42:33,868428040514113,26.0,36.0,42.0,3.23,-1.0,31.3,52.3,100.0,1.0,-1.2833,36.8167
769,2026-03-08 13:42:23,868428040514113,26.0,36.0,42.0,3.87,-1.0,31.3,52.5,100.0,1.0,-1.2833,36.8167
768,2026-03-08 13:42:13,868428040514113,26.0,36.0,42.0,3.87,-1.0,31.3,52.6,100.0,1.0,-1.2833,36.8167
767,2026-03-08 13:42:03,868428040514113,26.0,36.0,42.0,3.87,-1.0,31.4,51.9,100.0,1.0,-1.2833,36.8167
766,2026-03-08 13:41:53,868428040514113,26.0,36.0,42.0,3.87,-1.0,31.6,53.2,100.0,1.0,-1.2833,36.8167
765,2026-03-08 13:41:43,868428040514113,26.0,36.0,42.0,3.23,-1.0,31.5,52.8,100.0,1.0,-1.2833,36.8167
764,2026-03-08 13:41:32,868428040514113,26.0,36.0,42.0,3.87,-1.0,31.4,52.7,100.0,1.0,-1.2833,36.8167
763,2026-03-08 13:41:22,868428040514113,26.0,36.0,42.0,3.23,-1.0,31.4,52.2,100.0,1.0,-1.2833,36.8167
762,2026-03-08 13:41:12,868428040514113,26.0,36.0,42.0,3.23,-1.0,31.4,52.1,100.0,1.0,-1.2833,36.8167
761,2026-03-08 13:41:02,868428040514113,26.0,36.0,42.0,3.87,-1.0,31.3,52.4,100.0,1.0,-1.2833,36.8167
760,2026-03-08 13:40:52,868428040514113,26.0,36.0,42.0,3.87,-1.0,31.4,52.8,100.0,1.0,-1.2833,36.8167
759,2026-03-08 13:40:42,868428040514113,26.0,36.0,42.0,3.23,-1.0,31.5,51.4,100.0,1.0,-1.2833,36.8167
758,2026-03-08 13:40:32,868428040514113,26.0,36.0,42.0,3.87,-1.0,31.4,51.6,100.0,1.0,-1.2833,36.8167
757,2026-03-08 13:40:22,868428040514113,26.0,36.0,42.0,3.87,-1.0,31.4,51.9,100.0,1.0,-1.2833,36.8167
756,2026-03-08 13:40:12,868428040514113,26.0,36.0,42.0,3.23,-1.0,31.3,52.6,100.0,1.0,-1.2833,36.8167
755,2026-03-08 13:40:02,868428040514113,26.0,36.0,42.0,3.87,-1.0,31.4,51.7,100.0,1.0,-1.2833,36.8167
754,2026-03-08 13:39:52,868428040514113,26.0,36.0,42.0,3.23,-1.0,31.3,52.3,100.0,1.0,-1.2833,36.8167
753,2026-03-08 13:39:41,868428040514113,26.0,36.0,42.0,3.87,-1.0,31.3,52.5,100.0,1.0,-1.2833,36.8167
752,2026-03-08 13:39:31,868428040514113,26.0,36.0,42.0,3.87,-1.0,31.3,52.6,100.0,1.0,-1.2833,36.8167
751,2026-03-08 13:39:21,868428040514113,26.0,36.0,42.0,3.87,-1.0,31.4,51.9,100.0,1.0,-1.2833,36.8167
750,2026-03-08 13:39:11,868428040514113,26.0,36.0,42.0,3.87,-1.0,31.6,53.2,100.0,1.0,-1.2833,36.8167
749,2026-03-08 13:39:01,868428040514113,26.0,36.0,42.0,3.23,-1.0,31.5,52.8,100.0,1.0,-1.2833,36.8167
748,2026-03-08 13:38:51,868428040514113,26.0,36.0,42.0,3.87,-1.0,31.4,52.7,100.0,1.0,-1.2833,36.8167
747,2026-03-08 13:38:41,868428040514113,26.0,36.0,42.0,3.23,-1.0,31.4,52.2,100.0,1.0,-1.2833,36.8167
746,2026-03-08 13:38:31,868428040514113,26.0,36.0,42.0,3.23,-1.0,31.4,52.1,100.0,1.0,-1.2833,36.8167
745,2026-03-08 13:38:21,868428040514113,26.0,36.0,42.0,3.87,-1.0,31.3,52.4,100.0,1.0,-1.2833,36.8167
744,2026-03-08 13:38:11,868428040514113,26.0,36.0,42.0,3.87,-1.0,31.4,52.8,100.0,1.0,-1.2833,36.8167
743,2026-03-08 13:38:01,868428040514113,26.0,36.0,42.0,3.87,-1.0,31.4,51.6,100.0,1.0,-1.2833,36.8167
742,2026-03-08 13:37:51,868428040514113,26.0,36.0,42.0,3.87,-1.0,31.4,51.9,100.0,1.0,-1.2833,36.8167
741,2026-03-08 13:37:40,868428040514113,26.0,36.0,42.0,3.23,-1.0,31.3,52.6,100.0,1.0,-1.2833,36.8167
740,2026-03-08 13:37:30,868428040514113,26.0,36.0,42.0,3.87,-1.0,31.4,51.7,100.0,1.0,-1.2833,36.8167
739,2026-03-08 13:37:20,868428040514113,26.0,36.0,42.0,3.23,-1.0,31.3,52.3,100.0,1.0,-1.2833,36.8167
738,2026-03-08 13:37:10,868428040514113,26.0,36.0,42.0,3.87,-1.0,31.3,52.5,100.0,1.0,-1.2833,36.8167
737,2026-03-08 13:37:00,868428040514113,26.0,36.0,42.0,3.87,-1.0,31.3,52.6,100.0,1.0,-1.2833,36.8167
736,2026-03-08 13:36:50,868428040514113,26.0,36.0,42.0,3.87,-1.0,31.4,51.9,100.0,1.0,-1.2833,36.8167
735,2026-03-08 13:36:40,868428040514113,26.0,36.0,42.0,3.87,-1.0,31.6,53.2,100.0,1.0,-1.2833,36.8167
734,2026-03-08 13:36:30,868428040514113,26.0,36.0,42.0,3.23,-1.0,31.5,52.8,100.0,1.0,-1.2833,36.8167
733,2026-03-08 13:36:19,868428040514113,26.0,36.0,42.0,3.87,-1.0,31.4,52.7,100.0,1.0,-1.2833,36.8167
732,2026-03-08 13:36:09,868428040514113,26.0,36.0,42.0,3.23,-1.0,31.4,52.2,100.0,1.0,-1.2833,36.8167
731,2026-03-08 13:35:59,868428040514113,26.0,36.0,42.0,3.23,-1.0,31.4,52.1,100.0,1.0,-1.2833,36.8167
730,2026-03-08 13:35:49,868428040514113,26.0,36.0,42.0,3.87,-1.0,31.3,52.4,100.0,1.0,-1.2833,36.8167
729,2026-03-08 13:35:39,868428040514113,26.0,36.0,42.0,3.87,-1.0,31.4,52.8,100.0,1.0,-1.2833,36.8167
728,2026-03-08 13:35:28,868428040514113,26.0,36.0,42.0,3.87,-1.0,31.4,51.6,100.0,1.0,-1.2833,36.8167
727,2026-03-08 13:35:18,868428040514113,26.0,36.0,42.0,3.87,-1.0,31.4,51.9,100.0,1.0,-1.2833,36.8167
726,2026-03-08 13:35:08,868428040514113,26.0,36.0,42.0,3.23,-1.0,31.3,52.6,100.0,1.0,-1.2833,36.8167
725,2026-03-08 13:34:58,868428040514113,26.0,36.0,42.0,3.87,-1.0,31.4,51.7,100.0,1.0,-1.2833,36.8167
724,2026-03-08 13:34:48,868428040514113,26.0,36.0,42.0,3.23,-1.0,31.3,52.3,100.0,1.0,-1.2833,36.8167
723,2026-03-08 13:34:38,868428040514113,26.0,36.0,42.0,3.87,-1.0,31.3,52.5,100.0,1.0,-1.2833,36.8167
722,2026-03-08 13:34:28,868428040514113,26.0,36.0,42.0,3.87,-1.0,31.3,52.6,100.0,1.0,-1.2833,36.8167
721,2026-03-08 13:34:18,868428040514113,26.0,36.0,42.0,3.87,-1.0,31.4,51.9,100.0,1.0,-1.2833,36.8167
720,2026-03-08 13:34:07,868428040514113,26.0,36.0,42.0,3.87,-1.0,31.6,53.2,100.0,1.0,-1.2833,36.8167
719,2026-03-08 13:33:57,868428040514113,26.0,36.0,42.0,3.23,-1.0,31.5,52.8,100.0,1.0,-1.2833,36.8167
718,2026-03-08 13:33:46,868428040514113,26.0,36.0,42.0,3.87,-1.0,31.4,52.7,100.0,1.0,-1.2833,36.8167
717,2026-03-08 13:33:36,868428040514113,26.0,36.0,42.0,3.23,-1.0,31.4,52.2,100.0,1.0,-1.2833,36.8167
716,2026-03-08 13:33:26,868428040514113,26.0,36.0,42.0,3.23,-1.0,31.4,52.1,100.0,1.0,-1.2833,36.8167
715,2026-03-08 13:33:16,868428040514113,26.0,36.0,42.0,3.87,-1.0,31.3,52.4,100.0,1.0,-1.2833,36.8167
714,2026-03-08 13:33:06,868428040514113,26.0,36.0,42.0,3.87,-1.0,31.4,52.8,100.0,1.0,-1.2833,36.8167
713,2026-03-08 13:32:55,868428040514113,26.0,36.0,42.0,3.87,-1.0,31.4,51.9,100.0,1.0,-1.2833,36.8167
712,2026-03-08 13:32:45,868428040514113,26.0,36.0,42.0,3.23,-1.0,31.3,52.6,100.0,1.0,-1.2833,36.8167
711,2026-03-08 13:32:35,868428040514113,26.0,36.0,42.0,3.87,-1.0,31.4,51.7,100.0,1.0,-1.2833,36.8167
710,2026-03-08 13:32:25,868428040514113,26.0,36.0,42.0,3.23,-1.0,31.3,52.3,100.0,1.0,-1.2833,36.8167
709,2026-03-08 13:32:15,868428040514113,26.0,36.0,42.0,3.87,-1.0,31.3,52.5,100.0,1.0,-1.2833,36.8167
708,2026-03-08 13:32:05,868428040514113,26.0,36.0,42.0,3.87,-1.0,31.3,52.6,100.0,1.0,-1.2833,36.8167
707,2026-03-08 13:31:54,868428040514113,26.0,36.0,42.0,3.87,-1.0,31.4,51.9,100.0,1.0,-1.2833,36.8167
706,2026-03-08 13:31:44,868428040514113,26.0,36.0,42.0,3.87,-1.0,31.6,53.2,100.0,1.0,-1.2833,36.8167
705,2026-03-08 13:31:34,868428040514113,26.0,36.0,42.0,3.23,-1.0,31.5,52.8,100.0,1.0,-1.2833,36.8167
704,2026-03-08 13:31:24,868428040514113,26.0,36.0,42.0,3.87,-1.0,31.4,52.7,100.0,1.0,-1.2833,36.8167
703,2026-03-08 13:31:14,868428040514113,26.0,36.0,42.0,3.23,-1.0,31.4,52.2,100.0,1.0,-1.2833,36.8167
702,2026-03-08 13:31:04,868428040514113,26.0,36.0,42.0,3.23,-1.0,31.4,52.1,100.0,1.0,-1.2833,36.8167
701,2026-03-08 13:30:53,868428040514113,26.0,36.0,42.0,3.87,-1.0,31.3,52.4,100.0,1.0,-1.2833,36.8167
700,2026-03-08 13:30:43,868428040514113,26.0,36.0,42.0,3.87,-1.0,31.4,52.8,100.0,1.0,-1.2833,36.8167
699,2026-03-08 13:30:33,868428040514113,26.0,36.0,42.0,3.87,-1.0,31.4,51.9,100.0,1.0,-1.2833,36.8167
698,2026-03-08 13:30:23,868428040514113,26.0,36.0,42.0,3.23,-1.0,31.3,52.6,100.0,1.0,-1.2833,36.8167
697,2026-03-08 13:30:13,868428040514113,26.0,36.0,42.0,3.87,-1.0,31.4,51.7,100.0,1.0,-1.2833,36.8167
696,2026-03-08 13:30:03,868428040514113,26.0,36.0,42.0,3.23,-1.0,31.3,52.3,100.0,1.0,-1.2833,36.8167
695,2026-03-08 13:29:53,868428040514113,26.0,36.0,42.0,3.87,-1.0,31.3,52.5,100.0,1.0,-1.2833,36.8167
694,2026-03-08 13:29:43,868428040514113,26.0,36.0,42.0,3.87,-1.0,31.3,52.6,100.0,1.0,-1.2833,36.8167
693,2026-03-08 13:29:33,868428040514113,26.0,36.0,42.0,3.87,-1.0,31.4,51.9,100.0,1.0,-1.2833,36.8167
692,2026-03-08 13:29:22,868428040514113,26.0,36.0,42.0,3.87,-1.0,31.6,53.2,100.0,1.0,-1.2833,36.8167
691,2026-03-08 13:29:12,868428040514113,26.0,36.0,42.0,3.23,-1.0,31.5,52.8,100.0,1.0,-1.2833,36.8167
690,2026-03-08 13:29:02,868428040514113,26.0,36.0,42.0,3.87,-1.0,31.4,52.7,100.0,1.0,-1.2833,36.8167
689,2026-03-08 13:28:52,868428040514113,26.0,36.0,42.0,3.23,-1.0,31.4,52.2,100.0,1.0,-1.2833,36.8167
688,2026-03-08 13:28:42,868428040514113,26.0,36.0,42.0,3.23,-1.0,31.4,52.1,100.0,1.0,-1.2833,36.8167
687,2026-03-08 13:28:31,868428040514113,26.0,36.0,42.0,3.87,-1.0,31.3,52.4,100.0,1.0,-1.2833,36.8167
686,2026-03-08 13:28:21,868428040514113,26.0,36.0,42.0,3.87,-1.0,31.4,52.8,100.0,1.0,-1.2833,36.8167
685,2026-03-08 13:28:11,868428040514113,26.0,36.0,42.0,3.87,-1.0,31.4,51.9,100.0,1.0,-1.2833,36.8167
684,2026-03-08 13:28:01,868428040514113,26.0,36.0,42.0,3.23,-1.0,31.3,52.6,100.0,1.0,-1.2833,36.8167
683,2026-03-08 13:27:51,868428040514113,26.0,36.0,42.0,3.23,-1.0,31.3,52.3,100.0,1.0,-1.2833,36.8167
682,2026-03-08 13:27:41,868428040514113,26.0,36.0,42.0,3.87,-1.0,31.3,52.5,100.0,1.0,-1.2833,36.8167
681,2026-03-08 13:27:31,868428040514113,26.0,36.0,42.0,3.87,-1.0,31.3,52.6,100.0,1.0,-1.2833,36.8167
680,2026-03-08 13:27:21,868428040514113,26.0,36.0,42.0,3.87,-1.0,31.4,51.9,100.0,1.0,-1.2833,36.8167
679,2026-03-08 13:27:10,868428040514113,26.0,36.0,42.0,3.87,-1.0,31.6,53.2,100.0,1.0,-1.2833,36.8167
678,2026-03-08 13:27:00,868428040514113,26.0,36.0,42.0,3.23,-1.0,31.5,52.8,100.0,1.0,-1.2833,36.8167
677,2026-03-08 13:26:50,868428040514113,26.0,36.0,42.0,3.87,-1.0,31.4,52.7,100.0,1.0,-1.2833,36.8167
676,2026-03-08 13:26:40,868428040514113,26.0,36.0,42.0,3.23,-1.0,31.4,52.2,100.0,1.0,-1.2833,36.8167
675,2026-03-08 13:26:30,868428040514113,26.0,36.0,42.0,3.23,-1.0,31.4,52.1,100.0,1.0,-1.2833,36.8167
674,2026-03-08 13:26:20,868428040514113,26.0,36.0,42.0,3.87,-1.0,31.3,52.4,100.0,1.0,-1.2833,36.8167
673,2026-03-08 13:26:10,868428040514113,26.0,36.0,42.0,3.87,-1.0,31.4,52.8,100.0,1.0,-1.2833,36.8167
672,2026-03-08 13:26:00,868428040514113,26.0,36.0,42.0,3.87,-1.0,31.4,51.9,100.0,1.0,-1.2833,36.8167
671,2026-03-08 13:25:50,868428040514113,26.0,36.0,42.0,3.23,-1.0,31.3,52.6,100.0,1.0,-1.2833,36.8167
670,2026-03-08 13:25:40,868428040514113,26.0,36.0,42.0,3.23,-1.0,31.3,52.3,100.0,1.0,-1.2833,36.8167
669,2026-03-08 13:25:29,868428040514113,26.0,36.0,42.0,3.87,-1.0,31.3,52.5,100.0,1.0,-1.2833,36.8167
668,2026-03-08 13:25:19,868428040514113,26.0,36.0,42.0,3.87,-1.0,31.3,52.6,100.0,1.0,-1.2833,36.8167
667,2026-03-08 13:25:09,868428040514113,26.0,36.0,42.0,3.87,-1.0,31.4,51.9,100.0,1.0,-1.2833,36.8167
666,2026-03-08 13:24:59,868428040514113,26.0,36.0,42.0,3.87,-1.0,31.6,53.2,100.0,1.0,-1.2833,36.8167
665,2026-03-08 13:24:49,868428040514113,26.0,36.0,42.0,3.23,-1.0,31.5,52.8,100.0,1.0,-1.2833,36.8167
664,2026-03-08 13:24:39,868428040514113,26.0,36.0,42.0,3.87,-1.0,31.4,52.7,100.0,1.0,-1.2833,36.8167
663,2026-03-08 13:24:29,868428040514113,26.0,36.0,42.0,3.23,-1.0,31.4,52.2,100.0,1.0,-1.2833,36.8167
662,2026-03-08 13:24:19,868428040514113,26.0,36.0,42.0,3.23,-1.0,31.4,52.1,100.0,1.0,-1.2833,36.8167
661,2026-03-08 13:24:08,868428040514113,26.0,36.0,42.0,3.87,-1.0,31.3,52.4,100.0,1.0,-1.2833,36.8167
660,2026-03-08 13:23:58,868428040514113,26.0,36.0,42.0,3.87,-1.0,31.4,52.8,100.0,1.0,-1.2833,36.8167
659,2026-03-08 13:23:48,868428040514113,26.0,36.0,42.0,3.87,-1.0,31.4,51.9,100.0,1.0,-1.2833,36.8167
658,2026-03-08 13:23:38,868428040514113,26.0,36.0,42.0,3.23,-1.0,31.3,52.6,100.0,1.0,-1.2833,36.8167
657,2026-03-08 13:23:28,868428040514113,26.0,36.0,42.0,3.23,-1.0,31.3,52.3,100.0,1.0,-1.2833,36.8167
656,2026-03-08 13:23:18,868428040514113,26.0,36.0,42.0,3.87,-1.0,31.3,52.5,100.0,1.0,-1.2833,36.8167
655,2026-03-08 13:23:08,868428040514113,26.0,36.0,42.0,3.87,-1.0,31.3,52.6,100.0,1.0,-1.2833,36.8167
654,2026-03-08 13:22:58,868428040514113,26.0,36.0,42.0,3.87,-1.0,31.6,53.2,100.0,1.0,-1.2833,36.8167
653,2026-03-08 13:22:47,868428040514113,26.0,36.0,42.0,3.23,-1.0,31.5,52.8,100.0,1.0,-1.2833,36.8167
652,2026-03-08 13:22:37,868428040514113,26.0,36.0,42.0,3.87,-1.0,31.4,52.7,100.0,1.0,-1.2833,36.8167
651,2026-03-08 13:22:27,868428040514113,26.0,36.0,42.0,3.23,-1.0,31.4,52.2,100.0,1.0,-1.2833,36.8167
650,2026-03-08 13:22:16,868428040514113,26.0,36.0,42.0,3.23,-1.0,31.4,52.1,100.0,1.0,-1.2833,36.8167
649,2026-03-08 13:22:06,868428040514113,26.0,36.0,42.0,3.87,-1.0,31.3,52.4,100.0,1.0,-1.2833,36.8167
648,2026-03-08 13:21:56,868428040514113,26.0,36.0,42.0,3.87,-1.0,31.4,52.8,100.0,1.0,-1.2833,36.8167
647,2026-03-08 13:21:46,868428040514113,26.0,36.0,42.0,3.87,-1.0,31.4,51.9,100.0,1.0,-1.2833,36.8167
646,2026-03-08 13:21:36,868428040514113,26.0,36.0,42.0,3.23,-1.0,31.3,52.6,100.0,1.0,-1.2833,36.8167
645,2026-03-08 13:21:26,868428040514113,26.0,36.0,42.0,3.23,-1.0,31.3,52.3,100.0,1.0,-1.2833,36.8167
644,2026-03-08 13:21:16,868428040514113,26.0,36.0,42.0,3.87,-1.0,31.3,52.5,100.0,1.0,-1.2833,36.8167
643,2026-03-08 13:21:06,868428040514113,26.0,36.0,42.0,3.87,-1.0,31.3,52.6,100.0,1.0,-1.2833,36.8167
642,2026-03-08 13:20:56,868428040514113,26.0,36.0,42.0,3.87,-1.0,31.6,53.2,100.0,1.0,-1.2833,36.8167
641,2026-03-08 13:20:46,868428040514113,26.0,36.0,42.0,3.23,-1.0,31.5,52.8,100.0,1.0,-1.2833,36.8167
640,2026-03-08 13:20:35,868428040514113,26.0,36.0,42.0,3.87,-1.0,31.4,52.7,100.0,1.0,-1.2833,36.8167
639,2026-03-08 13:20:25,868428040514113,26.0,36.0,42.0,3.23,-1.0,31.4,52.2,100.0,1.0,-1.2833,36.8167
638,2026-03-08 13:20:15,868428040514113,26.0,36.0,42.0,3.23,-1.0,31.4,52.1,100.0,1.0,-1.2833,36.8167
637,2026-03-08 13:20:05,868428040514113,26.0,36.0,42.0,3.87,-1.0,31.3,52.4,100.0,1.0,-1.2833,36.8167
636,2026-03-08 13:20:04,868428040514113,26.0,36.0,42.0,3.87,-1.0,31.4,52.8,100.0,1.0,-1.2833,36.8167
635,2026-03-08 13:19:54,868428040514113,26.0,36.0,42.0,3.87,-1.0,31.4,51.9,100.0,1.0,-1.2833,36.8167
634,2026-03-08 13:19:43,868428040514113,26.0,36.0,42.0,3.23,-1.0,31.3,52.6,100.0,1.0,-1.2833,36.8167
633,2026-03-08 13:19:33,868428040514113,26.0,36.0,42.0,3.23,-1.0,31.3,52.3,100.0,1.0,-1.2833,36.8167
632,2026-03-08 13:19:23,868428040514113,26.0,36.0,42.0,3.87,-1.0,31.3,52.5,100.0,1.0,-1.2833,36.8167
631,2026-03-08 13:19:13,868428040514113,26.0,36.0,42.0,3.87,-1.0,31.3,52.6,100.0,1.0,-1.2833,36.8167
630,2026-03-08 13:19:03,868428040514113,26.0,36.0,42.0,3.87,-1.0,31.6,53.2,100.0,1.0,-1.2833,36.8167
629,2026-03-08 13:18:53,868428040514113,26.0,36.0,42.0,3.23,-1.0,31.5,52.8,100.0,1.0,-1.2833,36.8167
628,2026-03-08 13:18:43,868428040514113,26.0,36.0,42.0,3.87,-1.0,31.4,52.7,100.0,1.0,-1.2833,36.8167
627,2026-03-08 13:18:33,868428040514113,26.0,36.0,42.0,3.23,-1.0,31.4,52.2,100.0,1.0,-1.2833,36.8167
626,2026-03-08 13:18:23,868428040514113,26.0,36.0,42.0,3.23,-1.0,31.4,52.1,100.0,1.0,-1.2833,36.8167
625,2026-03-08 13:18:12,868428040514113,26.0,36.0,42.0,3.87,-1.0,31.3,52.4,100.0,1.0,-1.2833,36.8167
624,2026-03-08 13:18:02,868428040514113,26.0,36.0,42.0,3.87,-1.0,31.4,52.8,100.0,1.0,-1.2833,36.8167
623,2026-03-08 13:17:52,868428040514113,26.0,36.0,42.0,3.23,-1.0,31.3,52.6,100.0,1.0,-1.2833,36.8167
622,2026-03-08 13:17:42,868428040514113,26.0,36.0,42.0,3.23,-1.0,31.3,52.3,100.0,1.0,-1.2833,36.8167
621,2026-03-08 13:17:32,868428040514113,26.0,36.0,42.0,3.87,-1.0,31.3,52.5,100.0,1.0,-1.2833,36.8167
620,2026-03-08 13:17:22,868428040514113,26.0,36.0,42.0,3.87,-1.0,31.3,52.6,100.0,1.0,-1.2833,36.8167
619,2026-03-08 13:17:12,868428040514113,26.0,36.0,42.0,3.87,-1.0,31.6,53.2,100.0,1.0,-1.2833,36.8167
618,2026-03-08 13:17:02,868428040514113,26.0,36.0,42.0,3.23,-1.0,31.5,52.8,100.0,1.0,-1.2833,36.8167
617,2026-03-08 13:16:51,868428040514113,26.0,36.0,42.0,3.87,-1.0,31.4,52.7,100.0,1.0,-1.2833,36.8167
616,2026-03-08 13:16:41,868428040514113,26.0,36.0,42.0,3.23,-1.0,31.4,52.2,100.0,1.0,-1.2833,36.8167
615,2026-03-08 13:16:31,868428040514113,26.0,36.0,42.0,3.23,-1.0,31.4,52.1,100.0,1.0,-1.2833,36.8167
614,2026-03-08 13:16:21,868428040514113,26.0,36.0,42.0,3.87,-1.0,31.3,52.4,100.0,1.0,-1.2833,36.8167
613,2026-03-08 13:16:11,868428040514113,26.0,36.0,42.0,3.87,-1.0,31.4,52.8,100.0,1.0,-1.2833,36.8167
612,2026-03-08 13:16:01,868428040514113,26.0,36.0,42.0,3.23,-1.0,31.3,52.6,100.0,1.0,-1.2833,36.8167
611,2026-03-08 13:15:51,868428040514113,26.0,36.0,42.0,3.23,-1.0,31.3,52.3,100.0,1.0,-1.2833,36.8167
610,2026-03-08 13:15:41,868428040514113,26.0,36.0,42.0,3.87,-1.0,31.3,52.5,100.0,1.0,-1.2833,36.8167
609,2026-03-08 13:15:31,868428040514113,26.0,36.0,42.0,3.87,-1.0,31.3,52.6,100.0,1.0,-1.2833,36.8167
608,2026-03-08 13:15:21,868428040514113,26.0,36.0,42.0,3.87,-1.0,31.6,53.2,100.0,1.0,-1.2833,36.8167
607,2026-03-08 13:15:11,868428040514113,26.0,36.0,42.0,3.23,-1.0,31.5,52.8,100.0,1.0,-1.2833,36.8167
606,2026-03-08 13:15:00,868428040514113,26.0,36.0,42.0,3.87,-1.0,31.4,52.7,100.0,1.0,-1.2833,36.8167
605,2026-03-08 13:14:50,868428040514113,26.0,36.0,42.0,3.23,-1.0,31.4,52.2,100.0,1.0,-1.2833,36.8167
604,2026-03-08 13:14:40,868428040514113,26.0,36.0,42.0,3.23,-1.0,31.4,52.1,100.0,1.0,-1.2833,36.8167
603,2026-03-08 13:14:30,868428040514113,26.0,36.0,42.0,3.87,-1.0,31.3,52.4,100.0,1.0,-1.2833,36.8167
602,2026-03-08 13:14:20,868428040514113,26.0,36.0,42.0,3.87,-1.0,31.4,52.8,100.0,1.0,-1.2833,36.8167
601,2026-03-08 13:14:10,868428040514113,26.0,36.0,42.0,3.23,-1.0,31.3,52.6,100.0,1.0,-1.2833,36.8167
600,2026-03-08 13:14:00,868428040514113,26.0,36.0,42.0,3.23,-1.0,31.3,52.3,100.0,1.0,-1.2833,36.8167
599,2026-03-08 13:13:50,868428040514113,26.0,36.0,42.0,3.87,-1.0,31.3,52.5,100.0,1.0,-1.2833,36.8167
598,2026-03-08 13:13:40,868428040514113,26.0,36.0,42.0,3.87,-1.0,31.3,52.6,100.0,1.0,-1.2833,36.8167
597,2026-03-08 13:13:29,868428040514113,26.0,36.0,42.0,3.87,-1.0,31.6,53.2,100.0,1.0,-1.2833,36.8167
596,2026-03-08 13:13:19,868428040514113,26.0,36.0,42.0,3.23,-1.0,31.5,52.8,100.0,1.0,-1.2833,36.8167
595,2026-03-08 13:13:09,868428040514113,26.0,36.0,42.0,3.87,-1.0,31.4,52.7,100.0,1.0,-1.2833,36.8167
594,2026-03-08 13:12:59,868428040514113,26.0,36.0,42.0,3.23,-1.0,31.4,52.2,100.0,1.0,-1.2833,36.8167
593,2026-03-08 13:12:49,868428040514113,26.0,36.0,42.0,3.87,-1.0,31.3,52.4,100.0,1.0,-1.2833,36.8167
592,2026-03-08 13:12:39,868428040514113,26.0,36.0,42.0,3.87,-1.0,31.4,52.8,100.0,1.0,-1.2833,36.8167
591,2026-03-08 13:12:29,868428040514113,26.0,36.0,42.0,3.23,-1.0,31.3,52.6,100.0,1.0,-1.2833,36.8167
590,2026-03-08 13:12:19,868428040514113,26.0,36.0,42.0,3.23,-1.0,31.3,52.3,100.0,1.0,-1.2833,36.8167
589,2026-03-08 13:12:08,868428040514113,26.0,36.0,42.0,3.87,-1.0,31.3,52.5,100.0,1.0,-1.2833,36.8167
588,2026-03-08 13:11:58,868428040514113,26.0,36.0,42.0,3.87,-1.0,31.3,52.6,100.0,1.0,-1.2833,36.8167
587,2026-03-08 13:11:48,868428040514113,26.0,36.0,42.0,3.87,-1.0,31.6,53.2,100.0,1.0,-1.2833,36.8167
586,2026-03-08 13:11:38,868428040514113,26.0,36.0,42.0,3.23,-1.0,31.5,52.8,100.0,1.0,-1.2833,36.8167
585,2026-03-08 13:11:28,868428040514113,26.0,36.0,42.0,3.87,-1.0,31.4,52.7,100.0,1.0,-1.2833,36.8167
584,2026-03-08 13:11:18,868428040514113,26.0,36.0,42.0,3.23,-1.0,31.4,52.2,100.0,1.0,-1.2833,36.8167
583,2026-03-08 13:11:08,868428040514113,26.0,36.0,42.0,3.87,-1.0,31.3,52.4,100.0,1.0,-1.2833,36.8167
582,2026-03-08 13:10:58,868428040514113,26.0,36.0,42.0,3.87,-1.0,31.4,52.8,100.0,1.0,-1.2833,36.8167
581,2026-03-08 13:10:48,868428040514113,26.0,36.0,42.0,3.23,-1.0,31.3,52.6,100.0,1.0,-1.2833,36.8167
580,2026-03-08 13:10:38,868428040514113,26.0,36.0,42.0,3.23,-1.0,31.3,52.3,100.0,1.0,-1.2833,36.8167
579,2026-03-08 13:10:27,868428040514113,26.0,36.0,42.0,3.87,-1.0,31.3,52.5,100.0,1.0,-1.2833,36.8167
578,2026-03-08 13:10:17,868428040514113,26.0,36.0,42.0,3.87,-1.0,31.3,52.6,100.0,1.0,-1.2833,36.8167
577,2026-03-08 13:10:07,868428040514113,26.0,36.0,42.0,3.87,-1.0,31.6,53.2,100.0,1.0,-1.2833,36.8167
576,2026-03-08 13:09:57,868428040514113,26.0,36.0,42.0,3.23,-1.0,31.5,52.8,100.0,1.0,-1.2833,36.8167
575,2026-03-08 13:09:47,868428040514113,26.0,36.0,42.0,3.87,-1.0,31.4,52.7,100.0,1.0,-1.2833,36.8167
574,2026-03-08 13:09:37,868428040514113,26.0,36.0,42.0,3.23,-1.0,31.4,52.2,100.0,1.0,-1.2833,36.8167
573,2026-03-08 13:09:27,868428040514113,26.0,36.0,42.0,3.87,-1.0,31.3,52.4,100.0,1.0,-1.2833,36.8167
572,2026-03-08 13:09:17,868428040514113,26.0,36.0,42.0,3.87,-1.0,31.4,52.8,100.0,1.0,-1.2833,36.8167
571,2026-03-08 13:09:07,868428040514113,26.0,36.0,42.0,3.23,-1.0,31.3,52.6,100.0,1.0,-1.2833,36.8167
570,2026-03-08 13:08:57,868428040514113,26.0,36.0,42.0,3.23,-1.0,31.3,52.3,100.0,1.0,-1.2833,36.8167
569,2026-03-08 13:08:46,868428040514113,26.0,36.0,42.0,3.87,-1.0,31.3,52.5,100.0,1.0,-1.2833,36.8167
568,2026-03-08 13:08:36,868428040514113,26.0,36.0,42.0,3.87,-1.0,31.3,52.6,100.0,1.0,-1.2833,36.8167
567,2026-03-08 13:08:26,868428040514113,26.0,36.0,42.0,3.87,-1.0,31.6,53.2,100.0,1.0,-1.2833,36.8167
566,2026-03-08 13:08:16,868428040514113,26.0,36.0,42.0,3.23,-1.0,31.5,52.8,100.0,1.0,-1.2833,36.8167
565,2026-03-08 13:08:06,868428040514113,26.0,36.0,42.0,3.87,-1.0,31.4,52.7,100.0,1.0,-1.2833,36.8167
564,2026-03-08 13:07:56,868428040514113,26.0,36.0,42.0,3.87,-1.0,31.3,52.4,100.0,1.0,-1.2833,36.8167
563,2026-03-08 13:07:45,868428040514113,26.0,36.0,42.0,3.87,-1.0,31.4,52.8,100.0,1.0,-1.2833,36.8167
562,2026-03-08 13:07:35,868428040514113,26.0,36.0,42.0,3.23,-1.0,31.3,52.6,100.0,1.0,-1.2833,36.8167
561,2026-03-08 13:07:25,868428040514113,26.0,36.0,42.0,3.23,-1.0,31.3,52.3,100.0,1.0,-1.2833,36.8167
560,2026-03-08 13:07:15,868428040514113,26.0,36.0,42.0,3.87,-1.0,31.3,52.5,100.0,1.0,-1.2833,36.8167
559,2026-03-08 13:07:05,868428040514113,26.0,36.0,42.0,3.87,-1.0,31.3,52.6,100.0,1.0,-1.2833,36.8167
558,2026-03-08 13:06:55,868428040514113,26.0,36.0,42.0,3.87,-1.0,31.6,53.2,100.0,1.0,-1.2833,36.8167
557,2026-03-08 13:06:45,868428040514113,26.0,36.0,42.0,3.23,-1.0,31.5,52.8,100.0,1.0,-1.2833,36.8167
556,2026-03-08 13:06:35,868428040514113,26.0,36.0,42.0,3.87,-1.0,31.4,52.7,100.0,1.0,-1.2833,36.8167
555,2026-03-08 13:06:25,868428040514113,26.0,36.0,42.0,3.87,-1.0,31.3,52.4,100.0,1.0,-1.2833,36.8167
554,2026-03-08 13:06:15,868428040514113,26.0,36.0,42.0,3.87,-1.0,31.4,52.8,100.0,1.0,-1.2833,36.8167
553,2026-03-08 13:06:05,868428040514113,26.0,36.0,42.0,3.23,-1.0,31.3,52.6,100.0,1.0,-1.2833,36.8167
552,2026-03-08 13:05:54,868428040514113,26.0,36.0,42.0,3.23,-1.0,31.3,52.3,100.0,1.0,-1.2833,36.8167
551,2026-03-08 13:05:44,868428040514113,26.0,36.0,42.0,3.87,-1.0,31.3,52.5,100.0,1.0,-1.2833,36.8167
550,2026-03-08 13:05:34,868428040514113,26.0,36.0,42.0,3.87,-1.0,31.3,52.6,100.0,1.0,-1.2833,36.8167
549,2026-03-08 13:05:24,868428040514113,26.0,36.0,42.0,3.87,-1.0,31.6,53.2,100.0,1.0,-1.2833,36.8167
548,2026-03-08 13:05:14,868428040514113,26.0,36.0,42.0,3.23,-1.0,31.5,52.8,100.0,1.0,-1.2833,36.8167
547,2026-03-08 13:05:04,868428040514113,26.0,36.0,42.0,3.87,-1.0,31.4,52.7,100.0,1.0,-1.2833,36.8167
546,2026-03-08 13:04:53,868428040514113,26.0,36.0,42.0,3.87,-1.0,31.3,52.4,100.0,1.0,-1.2833,36.8167
545,2026-03-08 13:04:43,868428040514113,26.0,36.0,42.0,3.87,-1.0,31.4,52.8,100.0,1.0,-1.2833,36.8167
544,2026-03-08 13:04:33,868428040514113,26.0,36.0,42.0,3.23,-1.0,31.3,52.6,100.0,1.0,-1.2833,36.8167
543,2026-03-08 13:04:23,868428040514113,26.0,36.0,42.0,3.23,-1.0,31.3,52.3,100.0,1.0,-1.2833,36.8167
542,2026-03-08 13:04:13,868428040514113,26.0,36.0,42.0,3.87,-1.0,31.3,52.5,100.0,1.0,-1.2833,36.8167
541,2026-03-08 13:04:03,868428040514113,26.0,36.0,42.0,3.87,-1.0,31.3,52.6,100.0,1.0,-1.2833,36.8167
540,2026-03-08 13:03:53,868428040514113,26.0,36.0,42.0,3.87,-1.0,31.6,53.2,100.0,1.0,-1.2833,36.8167
539,2026-03-08 13:03:43,868428040514113,26.0,36.0,42.0,3.23,-1.0,31.5,52.8,100.0,1.0,-1.2833,36.8167
538,2026-03-08 13:03:33,868428040514113,26.0,36.0,42.0,3.87,-1.0,31.4,52.7,100.0,1.0,-1.2833,36.8167
537,2026-03-08 13:03:23,868428040514113,26.0,36.0,42.0,3.87,-1.0,31.3,52.4,100.0,1.0,-1.2833,36.8167
536,2026-03-08 13:03:12,868428040514113,26.0,36.0,42.0,3.87,-1.0,31.4,52.8,100.0,1.0,-1.2833,36.8167
535,2026-03-08 13:03:02,868428040514113,26.0,36.0,42.0,3.23,-1.0,31.3,52.6,100.0,1.0,-1.2833,36.8167
534,2026-03-08 13:02:52,868428040514113,26.0,36.0,42.0,3.87,-1.0,31.3,52.5,100.0,1.0,-1.2833,36.8167
533,2026-03-08 13:02:42,868428040514113,26.0,36.0,42.0,3.87,-1.0,31.3,52.6,100.0,1.0,-1.2833,36.8167
532,2026-03-08 13:02:31,868428040514113,26.0,36.0,42.0,3.87,-1.0,31.6,53.2,100.0,1.0,-1.2833,36.8167
531,2026-03-08 13:02:21,868428040514113,26.0,36.0,42.0,3.23,-1.0,31.5,52.8,100.0,1.0,-1.2833,36.8167
530,2026-03-08 13:02:11,868428040514113,26.0,36.0,42.0,3.87,-1.0,31.4,52.7,100.0,1.0,-1.2833,36.8167
529,2026-03-08 13:02:01,868428040514113,26.0,36.0,42.0,3.87,-1.0,31.3,52.4,100.0,1.0,-1.2833,36.8167
528,2026-03-08 13:01:51,868428040514113,26.0,36.0,42.0,3.87,-1.0,31.4,52.8,100.0,1.0,-1.2833,36.8167
527,2026-03-08 13:01:41,868428040514113,26.0,36.0,42.0,3.23,-1.0,31.3,52.6,100.0,1.0,-1.2833,36.8167
526,2026-03-08 13:01:31,868428040514113,26.0,36.0,42.0,3.87,-1.0,31.3,52.5,100.0,1.0,-1.2833,36.8167
525,2026-03-08 13:01:21,868428040514113,26.0,36.0,42.0,3.87,-1.0,31.3,52.6,100.0,1.0,-1.2833,36.8167
524,2026-03-08 13:01:11,868428040514113,26.0,36.0,42.0,3.87,-1.0,31.6,53.2,100.0,1.0,-1.2833,36.8167
523,2026-03-08 13:01:01,868428040514113,26.0,36.0,42.0,3.23,-1.0,31.5,52.8,100.0,1.0,-1.2833,36.8167
522,2026-03-08 13:00:51,868428040514113,26.0,36.0,42.0,3.87,-1.0,31.4,52.7,100.0,1.0,-1.2833,36.8167
521,2026-03-08 13:00:40,868428040514113,26.0,36.0,42.0,3.87,-1.0,31.3,52.4,100.0,1.0,-1.2833,36.8167
520,2026-03-08 13:00:30,868428040514113,26.0,36.0,42.0,3.87,-1.0,31.4,52.8,100.0,1.0,-1.2833,36.8167
519,2026-03-08 13:00:20,868428040514113,26.0,36.0,42.0,3.23,-1.0,31.3,52.6,100.0,1.0,-1.2833,36.8167
518,2026-03-08 13:00:10,868428040514113,26.0,36.0,42.0,3.87,-1.0,31.3,52.5,100.0,1.0,-1.2833,36.8167
517,2026-03-08 12:59:59,868428040514113,26.0,36.0,42.0,3.87,-1.0,31.3,52.6,100.0,1.0,-1.2833,36.8167
516,2026-03-08 12:59:49,868428040514113,26.0,36.0,42.0,3.87,-1.0,31.6,53.2,100.0,1.0,-1.2833,36.8167
515,2026-03-08 12:59:39,868428040514113,26.0,36.0,42.0,3.23,-1.0,31.5,52.8,100.0,1.0,-1.2833,36.8167
514,2026-03-08 12:59:29,868428040514113,26.0,36.0,42.0,3.87,-1.0,31.4,52.7,100.0,1.0,-1.2833,36.8167
513,2026-03-08 12:59:19,868428040514113,26.0,36.0,42.0,3.87,-1.0,31.3,52.4,100.0,1.0,-1.2833,36.8167
512,2026-03-08 12:59:09,868428040514113,26.0,36.0,42.0,3.87,-1.0,31.4,52.8,100.0,1.0,-1.2833,36.8167
511,2026-03-08 12:58:58,868428040514113,26.0,36.0,42.0,3.23,-1.0,31.3,52.6,100.0,1.0,-1.2833,36.8167
510,2026-03-08 12:58:48,868428040514113,26.0,36.0,42.0,3.87,-1.0,31.3,52.5,100.0,1.0,-1.2833,36.8167
509,2026-03-08 12:58:38,868428040514113,26.0,36.0,42.0,3.87,-1.0,31.3,52.6,100.0,1.0,-1.2833,36.8167
508,2026-03-08 12:58:28,868428040514113,26.0,36.0,42.0,3.87,-1.0,31.6,53.2,100.0,1.0,-1.2833,36.8167
507,2026-03-08 12:58:18,868428040514113,26.0,36.0,42.0,3.23,-1.0,31.5,52.8,100.0,1.0,-1.2833,36.8167
506,2026-03-08 12:58:07,868428040514113,26.0,36.0,42.0,3.87,-1.0,31.4,52.7,100.0,1.0,-1.2833,36.8167
505,2026-03-08 12:57:57,868428040514113,26.0,36.0,42.0,3.87,-1.0,31.4,52.8,100.0,1.0,-1.2833,36.8167
504,2026-03-08 12:57:47,868428040514113,26.0,36.0,42.0,3.23,-1.0,31.3,52.6,100.0,1.0,-1.2833,36.8167
503,2026-03-08 12:57:37,868428040514113,26.0,36.0,42.0,3.87,-1.0,31.3,52.5,100.0,1.0,-1.2833,36.8167
502,2026-03-08 12:57:26,868428040514113,26.0,36.0,42.0,3.87,-1.0,31.3,52.6,100.0,1.0,-1.2833,36.8167
501,2026-03-08 12:57:16,868428040514113,26.0,36.0,42.0,3.87,-1.0,31.6,53.2,100.0,1.0,-1.2833,36.8167
500,2026-03-08 12:57:06,868428040514113,26.0,36.0,42.0,3.23,-1.0,31.5,52.8,100.0,1.0,-1.2833,36.8167
499,2026-03-08 12:56:56,868428040514113,26.0,36.0,42.0,3.87,-1.0,31.4,52.7,100.0,1.0,-1.2833,36.8167
498,2026-03-08 12:56:46,868428040514113,26.0,36.0,42.0,3.87,-1.0,31.4,52.8,100.0,1.0,-1.2833,36.8167
497,2026-03-08 12:56:36,868428040514113,26.0,36.0,42.0,3.23,-1.0,31.3,52.6,100.0,1.0,-1.2833,36.8167
496,2026-03-08 12:56:26,868428040514113,26.0,36.0,42.0,3.87,-1.0,31.3,52.5,100.0,1.0,-1.2833,36.8167
495,2026-03-08 12:56:15,868428040514113,26.0,36.0,42.0,3.87,-1.0,31.3,52.6,100.0,1.0,-1.2833,36.8167
494,2026-03-08 12:56:05,868428040514113,26.0,36.0,42.0,3.87,-1.0,31.6,53.2,100.0,1.0,-1.2833,36.8167
493,2026-03-08 12:55:55,868428040514113,26.0,36.0,42.0,3.23,-1.0,31.5,52.8,100.0,1.0,-1.2833,36.8167
492,2026-03-08 12:55:45,868428040514113,26.0,36.0,42.0,3.87,-1.0,31.4,52.7,100.0,1.0,-1.2833,36.8167
491,2026-03-08 12:55:35,868428040514113,26.0,36.0,42.0,3.87,-1.0,31.4,52.8,100.0,1.0,-1.2833,36.8167
490,2026-03-08 12:55:24,868428040514113,26.0,36.0,42.0,3.23,-1.0,31.3,52.6,100.0,1.0,-1.2833,36.8167
489,2026-03-08 12:55:14,868428040514113,26.0,36.0,42.0,3.87,-1.0,31.3,52.5,100.0,1.0,-1.2833,36.8167
488,2026-03-08 12:55:04,868428040514113,26.0,36.0,42.0,3.87,-1.0,31.3,52.6,100.0,1.0,-1.2833,36.8167
487,2026-03-08 12:54:54,868428040514113,26.0,36.0,42.0,3.87,-1.0,31.6,53.2,100.0,1.0,-1.2833,36.8167
486,2026-03-08 12:54:43,868428040514113,26.0,36.0,42.0,3.23,-1.0,31.5,52.8,100.0,1.0,-1.2833,36.8167
485,2026-03-08 12:54:33,868428040514113,26.0,36.0,42.0,3.87,-1.0,31.4,52.7,100.0,1.0,-1.2833,36.8167
484,2026-03-08 12:54:23,868428040514113,26.0,36.0,42.0,3.87,-1.0,31.4,52.8,100.0,1.0,-1.2833,36.8167
483,2026-03-08 12:54:13,868428040514113,26.0,36.0,42.0,3.23,-1.0,31.3,52.6,100.0,1.0,-1.2833,36.8167
482,2026-03-08 12:54:03,868428040514113,26.0,36.0,42.0,3.87,-1.0,31.3,52.5,100.0,1.0,-1.2833,36.8167
481,2026-03-08 12:53:53,868428040514113,26.0,36.0,42.0,3.87,-1.0,31.3,52.6,100.0,1.0,-1.2833,36.8167
480,2026-03-08 12:53:43,868428040514113,26.0,36.0,42.0,3.87,-1.0,31.6,53.2,100.0,1.0,-1.2833,36.8167
479,2026-03-08 12:53:33,868428040514113,26.0,36.0,42.0,3.23,-1.0,31.5,52.8,100.0,1.0,-1.2833,36.8167
478,2026-03-08 12:53:22,868428040514113,26.0,36.0,42.0,3.87,-1.0,31.4,52.7,100.0,1.0,-1.2833,36.8167
477,2026-03-08 12:53:12,868428040514113,26.0,36.0,42.0,3.87,-1.0,31.4,52.8,100.0,1.0,-1.2833,36.8167
476,2026-03-08 12:53:02,868428040514113,26.0,36.0,42.0,3.23,-1.0,31.3,52.6,100.0,1.0,-1.2833,36.8167
475,2026-03-08 12:52:52,868428040514113,26.0,36.0,42.0,3.87,-1.0,31.3,52.6,100.0,1.0,-1.2833,36.8167
474,2026-03-08 12:52:42,868428040514113,26.0,36.0,42.0,3.87,-1.0,31.6,53.2,100.0,1.0,-1.2833,36.8167
473,2026-03-08 12:52:31,868428040514113,26.0,36.0,42.0,3.23,-1.0,31.5,52.8,100.0,1.0,-1.2833,36.8167
472,2026-03-08 12:52:21,868428040514113,26.0,36.0,42.0,3.87,-1.0,31.4,52.7,100.0,1.0,-1.2833,36.8167
471,2026-03-08 12:52:11,868428040514113,26.0,36.0,42.0,3.87,-1.0,31.4,52.8,100.0,1.0,-1.2833,36.8167
470,2026-03-08 12:52:01,868428040514113,26.0,36.0,42.0,3.23,-1.0,31.3,52.6,100.0,1.0,-1.2833,36.8167
469,2026-03-08 12:51:51,868428040514113,26.0,36.0,42.0,3.87,-1.0,31.3,52.6,100.0,1.0,-1.2833,36.8167
468,2026-03-08 12:51:41,868428040514113,26.0,36.0,42.0,3.87,-1.0,31.6,53.2,100.0,1.0,-1.2833,36.8167
467,2026-03-08 12:51:30,868428040514113,26.0,36.0,42.0,3.23,-1.0,31.5,52.8,100.0,1.0,-1.2833,36.8167
466,2026-03-08 12:51:20,868428040514113,26.0,36.0,42.0,3.87,-1.0,31.4,52.7,100.0,1.0,-1.2833,36.8167
465,2026-03-08 12:51:10,868428040514113,26.0,36.0,42.0,3.87,-1.0,31.4,52.8,100.0,1.0,-1.2833,36.8167
464,2026-03-08 12:51:00,868428040514113,26.0,36.0,42.0,3.23,-1.0,31.3,52.6,100.0,1.0,-1.2833,36.8167
463,2026-03-08 12:50:50,868428040514113,26.0,36.0,42.0,3.87,-1.0,31.3,52.6,100.0,1.0,-1.2833,36.8167
462,2026-03-08 12:50:40,868428040514113,26.0,36.0,42.0,3.87,-1.0,31.6,53.2,100.0,1.0,-1.2833,36.8167
461,2026-03-08 12:50:29,868428040514113,26.0,36.0,42.0,3.23,-1.0,31.5,52.8,100.0,1.0,-1.2833,36.8167
460,2026-03-08 12:50:19,868428040514113,26.0,36.0,42.0,3.87,-1.0,31.4,52.7,100.0,1.0,-1.2833,36.8167
459,2026-03-08 12:50:09,868428040514113,26.0,36.0,42.0,3.87,-1.0,31.4,52.8,100.0,1.0,-1.2833,36.8167
458,2026-03-08 12:49:59,868428040514113,26.0,36.0,42.0,3.23,-1.0,31.3,52.6,100.0,1.0,-1.2833,36.8167
457,2026-03-08 12:49:49,868428040514113,26.0,36.0,42.0,3.87,-1.0,31.3,52.6,100.0,1.0,-1.2833,36.8167
456,2026-03-08 12:49:39,868428040514113,26.0,36.0,42.0,3.87,-1.0,31.6,53.2,100.0,1.0,-1.2833,36.8167
455,2026-03-08 12:49:29,868428040514113,26.0,36.0,42.0,3.23,-1.0,31.5,52.8,100.0,1.0,-1.2833,36.8167
454,2026-03-08 12:49:19,868428040514113,26.0,36.0,42.0,3.87,-1.0,31.4,52.7,100.0,1.0,-1.2833,36.8167
453,2026-03-08 12:49:08,868428040514113,26.0,36.0,42.0,3.87,-1.0,31.4,52.8,100.0,1.0,-1.2833,36.8167
452,2026-03-08 12:48:58,868428040514113,26.0,36.0,42.0,3.23,-1.0,31.3,52.6,100.0,1.0,-1.2833,36.8167
451,2026-03-08 12:48:48,868428040514113,26.0,36.0,42.0,3.87,-1.0,31.3,52.6,100.0,1.0,-1.2833,36.8167
450,2026-03-08 12:48:38,868428040514113,26.0,36.0,42.0,3.87,-1.0,31.6,53.2,100.0,1.0,-1.2833,36.8167
449,2026-03-08 12:48:27,868428040514113,26.0,36.0,42.0,3.23,-1.0,31.5,52.8,100.0,1.0,-1.2833,36.8167
448,2026-03-08 12:48:17,868428040514113,26.0,36.0,42.0,3.87,-1.0,31.4,52.7,100.0,1.0,-1.2833,36.8167
447,2026-03-08 12:48:07,868428040514113,26.0,36.0,42.0,3.87,-1.0,31.4,52.8,100.0,1.0,-1.2833,36.8167
446,2026-03-08 12:47:57,868428040514113,26.0,36.0,42.0,3.23,-1.0,31.3,52.6,100.0,1.0,-1.2833,36.8167
445,2026-03-08 12:47:47,868428040514113,26.0,36.0,42.0,3.87,-1.0,31.6,53.2,100.0,1.0,-1.2833,36.8167
444,2026-03-08 12:47:37,868428040514113,26.0,36.0,42.0,3.23,-1.0,31.5,52.8,100.0,1.0,-1.2833,36.8167
443,2026-03-08 12:47:27,868428040514113,26.0,36.0,42.0,3.87,-1.0,31.4,52.7,100.0,1.0,-1.2833,36.8167
442,2026-03-08 12:47:17,868428040514113,26.0,36.0,42.0,3.87,-1.0,31.4,52.8,100.0,1.0,-1.2833,36.8167
441,2026-03-08 12:47:06,868428040514113,26.0,36.0,42.0,3.23,-1.0,31.3,52.6,100.0,1.0,-1.2833,36.8167
440,2026-03-08 12:46:56,868428040514113,26.0,36.0,42.0,3.87,-1.0,31.6,53.2,100.0,1.0,-1.2833,36.8167
439,2026-03-08 12:46:46,868428040514113,26.0,36.0,42.0,3.23,-1.0,31.5,52.8,100.0,1.0,-1.2833,36.8167
438,2026-03-08 12:46:36,868428040514113,26.0,36.0,42.0,3.87,-1.0,31.4,52.7,100.0,1.0,-1.2833,36.8167
437,2026-03-08 12:46:26,868428040514113,26.0,36.0,42.0,3.87,-1.0,31.4,52.8,100.0,1.0,-1.2833,36.8167
436,2026-03-08 12:46:16,868428040514113,26.0,36.0,42.0,3.23,-1.0,31.3,52.6,100.0,1.0,-1.2833,36.8167
435,2026-03-08 12:46:05,868428040514113,26.0,36.0,42.0,3.87,-1.0,31.6,53.2,100.0,1.0,-1.2833,36.8167
434,2026-03-08 12:45:55,868428040514113,26.0,36.0,42.0,3.23,-1.0,31.5,52.8,100.0,1.0,-1.2833,36.8167
433,2026-03-08 12:45:45,868428040514113,26.0,36.0,42.0,3.87,-1.0,31.4,52.7,100.0,1.0,-1.2833,36.8167
432,2026-03-08 12:45:35,868428040514113,26.0,36.0,42.0,3.87,-1.0,31.4,52.8,100.0,1.0,-1.2833,36.8167
431,2026-03-08 12:45:25,868428040514113,26.0,36.0,42.0,3.23,-1.0,31.3,52.6,100.0,1.0,-1.2833,36.8167
430,2026-03-08 12:45:14,868428040514113,26.0,36.0,42.0,3.87,-1.0,31.6,53.2,100.0,1.0,-1.2833,36.8167
429,2026-03-08 12:45:04,868428040514113,26.0,36.0,42.0,3.23,-1.0,31.5,52.8,100.0,1.0,-1.2833,36.8167
428,2026-03-08 12:44:54,868428040514113,26.0,36.0,42.0,3.87,-1.0,31.4,52.7,100.0,1.0,-1.2833,36.8167
427,2026-03-08 12:44:44,868428040514113,26.0,36.0,42.0,3.87,-1.0,31.4,52.8,100.0,1.0,-1.2833,36.8167
426,2026-03-08 12:44:34,868428040514113,26.0,36.0,42.0,3.23,-1.0,31.3,52.6,100.0,1.0,-1.2833,36.8167
425,2026-03-08 12:44:24,868428040514113,26.0,36.0,42.0,3.87,-1.0,31.6,53.2,100.0,1.0,-1.2833,36.8167
424,2026-03-08 12:44:14,868428040514113,26.0,36.0,42.0,3.23,-1.0,31.5,52.8,100.0,1.0,-1.2833,36.8167
423,2026-03-08 12:44:04,868428040514113,26.0,36.0,42.0,3.87,-1.0,31.4,52.7,100.0,1.0,-1.2833,36.8167
422,2026-03-08 12:43:54,868428040514113,26.0,36.0,42.0,3.87,-1.0,31.4,52.8,100.0,1.0,-1.2833,36.8167
421,2026-03-08 12:43:43,868428040514113,26.0,36.0,42.0,3.23,-1.0,31.3,52.6,100.0,1.0,-1.2833,36.8167
420,2026-03-08 12:43:33,868428040514113,26.0,36.0,42.0,3.87,-1.0,31.6,53.2,100.0,1.0,-1.2833,36.8167
419,2026-03-08 12:43:23,868428040514113,26.0,36.0,42.0,3.23,-1.0,31.5,52.8,100.0,1.0,-1.2833,36.8167
418,2026-03-08 12:43:13,868428040514113,26.0,36.0,42.0,3.87,-1.0,31.4,52.7,100.0,1.0,-1.2833,36.8167
417,2026-03-08 12:43:02,868428040514113,26.0,36.0,42.0,3.87,-1.0,31.4,52.8,100.0,1.0,-1.2833,36.8167
416,2026-03-08 12:42:52,868428040514113,26.0,36.0,42.0,3.87,-1.0,31.6,53.2,100.0,1.0,-1.2833,36.8167
415,2026-03-08 12:42:42,868428040514113,26.0,36.0,42.0,3.23,-1.0,31.5,52.8,100.0,1.0,-1.2833,36.8167
414,2026-03-08 12:42:32,868428040514113,26.0,36.0,42.0,3.87,-1.0,31.4,52.7,100.0,1.0,-1.2833,36.8167
413,2026-03-08 12:42:22,868428040514113,26.0,36.0,42.0,3.87,-1.0,31.4,52.8,100.0,1.0,-1.2833,36.8167
412,2026-03-08 12:42:12,868428040514113,26.0,36.0,42.0,3.87,-1.0,31.6,53.2,100.0,1.0,-1.2833,36.8167
411,2026-03-08 12:42:01,868428040514113,26.0,36.0,42.0,3.23,-1.0,31.5,52.8,100.0,1.0,-1.2833,36.8167
410,2026-03-08 12:41:51,868428040514113,26.0,36.0,42.0,3.87,-1.0,31.4,52.7,100.0,1.0,-1.2833,36.8167
409,2026-03-08 12:41:41,868428040514113,26.0,36.0,42.0,3.87,-1.0,31.4,52.8,100.0,1.0,-1.2833,36.8167
408,2026-03-08 12:41:31,868428040514113,26.0,36.0,42.0,3.87,-1.0,31.6,53.2,100.0,1.0,-1.2833,36.8167
407,2026-03-08 12:41:21,868428040514113,26.0,36.0,42.0,3.23,-1.0,31.5,52.8,100.0,1.0,-1.2833,36.8167
406,2026-03-08 12:41:11,868428040514113,26.0,36.0,42.0,3.87,-1.0,31.4,52.7,100.0,1.0,-1.2833,36.8167
405,2026-03-08 12:41:00,868428040514113,26.0,36.0,42.0,3.87,-1.0,31.4,52.8,100.0,1.0,-1.2833,36.8167
404,2026-03-08 12:40:50,868428040514113,26.0,36.0,42.0,3.87,-1.0,31.6,53.2,100.0,1.0,-1.2833,36.8167
403,2026-03-08 12:40:40,868428040514113,26.0,36.0,42.0,3.23,-1.0,31.5,52.8,100.0,1.0,-1.2833,36.8167
402,2026-03-08 12:40:30,868428040514113,26.0,36.0,42.0,3.87,-1.0,31.4,52.7,100.0,1.0,-1.2833,36.8167
401,2026-03-08 12:40:20,868428040514113,26.0,36.0,42.0,3.87,-1.0,31.4,52.8,100.0,1.0,-1.2833,36.8167
400,2026-03-08 12:40:10,868428040514113,26.0,36.0,42.0,3.87,-1.0,31.6,53.2,100.0,1.0,-1.2833,36.8167
399,2026-03-08 12:39:59,868428040514113,26.0,36.0,42.0,3.23,-1.0,31.5,52.8,100.0,1.0,-1.2833,36.8167
398,2026-03-08 12:39:49,868428040514113,26.0,36.0,42.0,3.87,-1.0,31.4,52.7,100.0,1.0,-1.2833,36.8167
397,2026-03-08 12:39:39,868428040514113,26.0,36.0,42.0,3.87,-1.0,31.4,52.8,100.0,1.0,-1.2833,36.8167
396,2026-03-08 12:39:29,868428040514113,26.0,36.0,42.0,3.87,-1.0,31.6,53.2,100.0,1.0,-1.2833,36.8167
395,2026-03-08 12:39:19,868428040514113,26.0,36.0,42.0,3.23,-1.0,31.5,52.8,100.0,1.0,-1.2833,36.8167
394,2026-03-08 12:39:09,868428040514113,26.0,36.0,42.0,3.87,-1.0,31.4,52.7,100.0,1.0,-1.2833,36.8167
393,2026-03-08 12:38:59,868428040514113,26.0,36.0,42.0,3.87,-1.0,31.4,52.8,100.0,1.0,-1.2833,36.8167
392,2026-03-08 12:38:49,868428040514113,26.0,36.0,42.0,3.87,-1.0,31.6,53.2,100.0,1.0,-1.2833,36.8167
391,2026-03-08 12:38:38,868428040514113,26.0,36.0,42.0,3.23,-1.0,31.5,52.8,100.0,1.0,-1.2833,36.8167
390,2026-03-08 12:38:28,868428040514113,26.0,36.0,42.0,3.87,-1.0,31.4,52.7,100.0,1.0,-1.2833,36.8167
389,2026-03-08 12:38:18,868428040514113,26.0,36.0,42.0,3.87,-1.0,31.4,52.8,100.0,1.0,-1.2833,36.8167
388,2026-03-08 12:38:08,868428040514113,26.0,36.0,42.0,3.87,-1.0,31.6,53.2,100.0,1.0,-1.2833,36.8167
387,2026-03-08 12:37:58,868428040514113,26.0,36.0,42.0,3.23,-1.0,31.5,52.8,100.0,1.0,-1.2833,36.8167
386,2026-03-08 12:37:48,868428040514113,26.0,36.0,42.0,3.87,-1.0,31.4,52.8,100.0,1.0,-1.2833,36.8167
385,2026-03-08 12:37:38,868428040514113,26.0,36.0,42.0,3.87,-1.0,31.6,53.2,100.0,1.0,-1.2833,36.8167
384,2026-03-08 12:37:28,868428040514113,26.0,36.0,42.0,3.23,-1.0,31.5,52.8,100.0,1.0,-1.2833,36.8167
383,2026-03-08 12:37:18,868428040514113,26.0,36.0,42.0,3.87,-1.0,31.4,52.8,100.0,1.0,-1.2833,36.8167
382,2026-03-08 12:37:08,868428040514113,26.0,36.0,42.0,3.87,-1.0,31.6,53.2,100.0,1.0,-1.2833,36.8167
381,2026-03-08 12:36:58,868428040514113,26.0,36.0,42.0,3.23,-1.0,31.5,52.8,100.0,1.0,-1.2833,36.8167
380,2026-03-08 12:36:47,868428040514113,26.0,36.0,42.0,3.87,-1.0,31.4,52.8,100.0,1.0,-1.2833,36.8167
379,2026-03-08 12:36:37,868428040514113,26.0,36.0,42.0,3.87,-1.0,31.6,53.2,100.0,1.0,-1.2833,36.8167
378,2026-03-08 12:36:27,868428040514113,26.0,36.0,42.0,3.23,-1.0,31.5,52.8,100.0,1.0,-1.2833,36.8167
377,2026-03-08 12:36:17,868428040514113,26.0,36.0,42.0,3.87,-1.0,31.4,52.8,100.0,1.0,-1.2833,36.8167
376,2026-03-08 12:36:07,868428040514113,26.0,36.0,42.0,3.87,-1.0,31.6,53.2,100.0,1.0,-1.2833,36.8167
375,2026-03-08 12:35:57,868428040514113,26.0,36.0,42.0,3.23,-1.0,31.5,52.8,100.0,1.0,-1.2833,36.8167
374,2026-03-08 12:35:47,868428040514113,26.0,36.0,42.0,3.87,-1.0,31.4,52.8,100.0,1.0,-1.2833,36.8167
373,2026-03-08 12:35:36,868428040514113,26.0,36.0,42.0,3.87,-1.0,31.6,53.2,100.0,1.0,-1.2833,36.8167
372,2026-03-08 12:35:26,868428040514113,26.0,36.0,42.0,3.23,-1.0,31.5,52.8,100.0,1.0,-1.2833,36.8167
371,2026-03-08 12:35:16,868428040514113,26.0,36.0,42.0,3.87,-1.0,31.4,52.8,100.0,1.0,-1.2833,36.8167
370,2026-03-08 12:35:06,868428040514113,26.0,36.0,42.0,3.87,-1.0,31.6,53.2,100.0,1.0,-1.2833,36.8167
369,2026-03-08 12:34:56,868428040514113,26.0,36.0,42.0,3.23,-1.0,31.5,52.8,100.0,1.0,-1.2833,36.8167
368,2026-03-08 12:34:46,868428040514113,26.0,36.0,42.0,3.87,-1.0,31.4,52.8,100.0,1.0,-1.2833,36.8167
367,2026-03-08 12:34:36,868428040514113,26.0,36.0,42.0,3.87,-1.0,31.6,53.2,100.0,1.0,-1.2833,36.8167
366,2026-03-08 12:34:25,868428040514113,26.0,36.0,42.0,3.23,-1.0,31.5,52.8,100.0,1.0,-1.2833,36.8167
365,2026-03-08 12:34:15,868428040514113,26.0,36.0,42.0,3.87,-1.0,31.4,52.8,100.0,1.0,-1.2833,36.8167
364,2026-03-08 12:34:05,868428040514113,26.0,36.0,42.0,3.87,-1.0,31.6,53.2,100.0,1.0,-1.2833,36.8167
363,2026-03-08 12:33:55,868428040514113,26.0,36.0,42.0,3.23,-1.0,31.5,52.8,100.0,1.0,-1.2833,36.8167
362,2026-03-08 12:33:45,868428040514113,26.0,36.0,42.0,3.87,-1.0,31.4,52.8,100.0,1.0,-1.2833,36.8167
361,2026-03-08 12:33:35,868428040514113,26.0,36.0,42.0,3.87,-1.0,31.6,53.2,100.0,1.0,-1.2833,36.8167
360,2026-03-08 12:33:25,868428040514113,26.0,36.0,42.0,3.23,-1.0,31.5,52.8,100.0,1.0,-1.2833,36.8167
359,2026-03-08 12:33:15,868428040514113,26.0,36.0,42.0,3.87,-1.0,31.4,52.8,100.0,1.0,-1.2833,36.8167
358,2026-03-08 12:33:04,868428040514113,26.0,36.0,42.0,3.87,-1.0,31.6,53.2,100.0,1.0,-1.2833,36.8167
357,2026-03-08 12:32:54,868428040514113,26.0,36.0,42.0,3.23,-1.0,31.5,52.8,100.0,1.0,-1.2833,36.8167
356,2026-03-08 12:32:44,868428040514113,26.0,36.0,42.0,3.87,-1.0,31.6,53.2,100.0,1.0,-1.2833,36.8167
355,2026-03-08 12:32:34,868428040514113,26.0,36.0,42.0,3.23,-1.0,31.5,52.8,100.0,1.0,-1.2833,36.8167
354,2026-03-08 12:32:24,868428040514113,26.0,36.0,42.0,3.87,-1.0,31.6,53.2,100.0,1.0,-1.2833,36.8167
353,2026-03-08 12:32:14,868428040514113,26.0,36.0,42.0,3.23,-1.0,31.5,52.8,100.0,1.0,-1.2833,36.8167
352,2026-03-08 12:32:04,868428040514113,26.0,36.0,42.0,3.87,-1.0,31.6,53.2,100.0,1.0,-1.2833,36.8167
351,2026-03-08 12:31:54,868428040514113,26.0,36.0,42.0,3.23,-1.0,31.5,52.8,100.0,1.0,-1.2833,36.8167
350,2026-03-08 12:31:43,868428040514113,26.0,36.0,42.0,3.87,-1.0,31.6,53.2,100.0,1.0,-1.2833,36.8167
349,2026-03-08 12:31:33,868428040514113,26.0,36.0,42.0,3.23,-1.0,31.5,52.8,100.0,1.0,-1.2833,36.8167
348,2026-03-08 12:31:23,868428040514113,26.0,36.0,42.0,3.87,-1.0,31.6,53.2,100.0,1.0,-1.2833,36.8167
347,2026-03-08 12:31:13,868428040514113,26.0,36.0,42.0,3.23,-1.0,31.5,52.8,100.0,1.0,-1.2833,36.8167
346,2026-03-08 12:31:03,868428040514113,26.0,36.0,42.0,3.87,-1.0,31.6,53.2,100.0,1.0,-1.2833,36.8167
345,2026-03-08 12:30:53,868428040514113,26.0,36.0,42.0,3.23,-1.0,31.5,52.8,100.0,1.0,-1.2833,36.8167
344,2026-03-08 12:30:42,868428040514113,26.0,36.0,42.0,3.87,-1.0,31.6,53.2,100.0,1.0,-1.2833,36.8167
343,2026-03-08 12:30:32,868428040514113,26.0,36.0,42.0,3.23,-1.0,31.5,52.8,100.0,1.0,-1.2833,36.8167
342,2026-03-08 12:30:22,868428040514113,26.0,36.0,42.0,3.87,-1.0,31.6,53.2,100.0,1.0,-1.2833,36.8167
341,2026-03-08 12:30:12,868428040514113,26.0,36.0,42.0,3.23,-1.0,31.5,52.8,100.0,1.0,-1.2833,36.8167
340,2026-03-08 12:30:02,868428040514113,26.0,36.0,42.0,3.87,-1.0,31.6,53.2,100.0,1.0,-1.2833,36.8167
339,2026-03-08 12:29:52,868428040514113,26.0,36.0,42.0,3.23,-1.0,31.5,52.8,100.0,1.0,-1.2833,36.8167
338,2026-03-08 12:29:42,868428040514113,26.0,36.0,42.0,3.87,-1.0,31.6,53.2,100.0,1.0,-1.2833,36.8167
337,2026-03-08 12:29:31,868428040514113,26.0,36.0,42.0,3.23,-1.0,31.5,52.8,100.0,1.0,-1.2833,36.8167
336,2026-03-08 12:29:21,868428040514113,26.0,36.0,42.0,3.87,-1.0,31.6,53.2,100.0,1.0,-1.2833,36.8167
335,2026-03-08 12:29:11,868428040514113,26.0,36.0,42.0,3.23,-1.0,31.5,52.8,100.0,1.0,-1.2833,36.8167
334,2026-03-08 12:29:01,868428040514113,26.0,36.0,42.0,3.87,-1.0,31.6,53.2,100.0,1.0,-1.2833,36.8167
333,2026-03-08 12:28:51,868428040514113,26.0,36.0,42.0,3.23,-1.0,31.5,52.8,100.0,1.0,-1.2833,36.8167
332,2026-03-08 12:28:41,868428040514113,26.0,36.0,42.0,3.87,-1.0,31.6,53.2,100.0,1.0,-1.2833,36.8167
331,2026-03-08 12:28:31,868428040514113,26.0,36.0,42.0,3.23,-1.0,31.5,52.8,100.0,1.0,-1.2833,36.8167
330,2026-03-08 12:28:21,868428040514113,26.0,36.0,42.0,3.87,-1.0,31.6,53.2,100.0,1.0,-1.2833,36.8167
329,2026-03-08 12:28:10,868428040514113,26.0,36.0,42.0,3.23,-1.0,31.5,52.8,100.0,1.0,-1.2833,36.8167
328,2026-03-08 12:28:00,868428040514113,26.0,36.0,42.0,3.87,-1.0,31.6,53.2,100.0,1.0,-1.2833,36.8167
327,2026-03-08 12:27:50,868428040514113,26.0,36.0,42.0,3.87,-1.0,31.6,53.2,100.0,1.0,-1.2833,36.8167
326,2026-03-08 12:27:40,868428040514113,26.0,36.0,42.0,3.87,-1.0,31.6,53.2,100.0,1.0,-1.2833,36.8167
325,2026-03-08 12:27:30,868428040514113,26.0,36.0,42.0,3.87,-1.0,31.6,53.2,100.0,1.0,-1.2833,36.8167
324,2026-03-08 12:27:20,868428040514113,26.0,36.0,42.0,3.87,-1.0,31.6,53.2,100.0,1.0,-1.2833,36.8167
323,2026-03-08 12:27:10,868428040514113,26.0,36.0,42.0,3.87,-1.0,31.6,53.2,100.0,1.0,-1.2833,36.8167
322,2026-03-08 12:27:00,868428040514113,26.0,36.0,42.0,3.87,-1.0,31.6,53.2,100.0,1.0,-1.2833,36.8167
321,2026-03-08 12:26:50,868428040514113,26.0,36.0,42.0,3.87,-1.0,31.6,53.2,100.0,1.0,-1.2833,36.8167
320,2026-03-08 12:26:40,868428040514113,26.0,36.0,42.0,3.87,-1.0,31.6,53.2,100.0,1.0,-1.2833,36.8167
319,2026-03-08 12:26:30,868428040514113,26.0,36.0,42.0,3.87,-1.0,31.6,53.2,100.0,1.0,-1.2833,36.8167
318,2026-03-08 12:26:19,868428040514113,26.0,36.0,42.0,3.87,-1.0,31.6,53.2,100.0,1.0,-1.2833,36.8167
317,2026-03-08 12:26:09,868428040514113,26.0,36.0,42.0,3.87,-1.0,31.6,53.2,100.0,1.0,-1.2833,36.8167
316,2026-03-08 12:25:59,868428040514113,26.0,36.0,42.0,3.87,-1.0,31.6,53.2,100.0,1.0,-1.2833,36.8167
315,2026-03-08 12:25:48,868428040514113,26.0,36.0,42.0,3.87,-1.0,31.6,53.2,100.0,1.0,-1.2833,36.8167
314,2026-03-08 12:25:38,868428040514113,26.0,36.0,42.0,3.87,-1.0,31.6,53.2,100.0,1.0,-1.2833,36.8167
313,2026-03-08 12:25:28,868428040514113,26.0,36.0,42.0,3.87,-1.0,31.6,53.2,100.0,1.0,-1.2833,36.8167
312,2026-03-08 12:25:17,868428040514113,26.0,36.0,42.0,3.87,-1.0,31.6,53.2,100.0,1.0,-1.2833,36.8167
311,2026-03-08 12:25:07,868428040514113,26.0,36.0,42.0,3.87,-1.0,31.6,53.2,100.0,1.0,-1.2833,36.8167
310,2026-03-08 12:24:57,868428040514113,26.0,36.0,42.0,3.87,-1.0,31.6,53.2,100.0,1.0,-1.2833,36.8167
309,2026-03-08 12:24:47,868428040514113,26.0,36.0,42.0,3.87,-1.0,31.6,53.2,100.0,1.0,-1.2833,36.8167
308,2026-03-08 12:24:36,868428040514113,26.0,36.0,42.0,3.87,-1.0,31.6,53.2,100.0,1.0,-1.2833,36.8167
307,2026-03-08 12:24:26,868428040514113,26.0,36.0,42.0,3.87,-1.0,31.6,53.2,100.0,1.0,-1.2833,36.8167
306,2026-03-08 12:24:16,868428040514113,26.0,36.0,42.0,3.87,-1.0,31.6,53.2,100.0,1.0,-1.2833,36.8167
305,2026-03-08 12:24:06,868428040514113,26.0,36.0,42.0,3.87,-1.0,31.6,53.2,100.0,1.0,-1.2833,36.8167
304,2026-03-08 12:23:55,868428040514113,26.0,36.0,42.0,3.87,-1.0,31.6,53.2,100.0,1.0,-1.2833,36.8167
303,2026-03-08 12:23:45,868428040514113,26.0,36.0,42.0,3.87,-1.0,31.6,53.2,100.0,1.0,-1.2833,36.8167
302,2026-03-08 12:23:35,868428040514113,26.0,36.0,42.0,3.87,-1.0,31.6,53.2,100.0,1.0,-1.2833,36.8167
301,2026-03-08 12:23:25,868428040514113,26.0,36.0,42.0,3.87,-1.0,31.6,53.2,100.0,1.0,-1.2833,36.8167
300,2026-03-08 12:23:15,868428040514113,26.0,36.0,42.0,3.87,-1.0,31.6,53.2,100.0,1.0,-1.2833,36.8167
299,2026-03-08 12:23:05,868428040514113,26.0,36.0,42.0,3.87,-1.0,31.6,53.2,100.0,1.0,-1.2833,36.8167
298,2026-03-08 12:22:55,868428040514113,26.0,36.0,42.0,3.87,-1.0,31.6,53.2,100.0,1.0,-1.2833,36.8167
297,2026-03-08 12:18:37,868428040514113,26.0,36.0,42.0,4.52,-1.0,31.6,53.3,100.0,1.0,-1.2833,36.8167
296,2026-03-08 12:18:36,868428040514113,26.0,36.0,42.0,3.87,-1.0,31.5,53.2,100.0,1.0,-1.2833,36.8167
295,2026-03-08 12:18:28,868428040514113,26.0,36.0,42.0,4.52,-1.0,31.6,53.3,100.0,1.0,-1.2833,36.8167
294,2026-03-08 12:18:18,868428040514113,26.0,36.0,42.0,3.87,-1.0,31.5,53.2,100.0,1.0,-1.2833,36.8167
293,2026-03-08 12:18:08,868428040514113,26.0,36.0,42.0,4.52,-1.0,31.6,53.3,100.0,1.0,-1.2833,36.8167
292,2026-03-08 12:17:58,868428040514113,26.0,36.0,42.0,3.87,-1.0,31.5,53.2,100.0,1.0,-1.2833,36.8167
291,2026-03-08 12:17:48,868428040514113,26.0,36.0,42.0,3.87,-1.0,31.5,53.2,100.0,1.0,-1.2833,36.8167
290,2026-03-08 12:17:38,868428040514113,26.0,36.0,42.0,3.87,-1.0,31.5,53.2,100.0,1.0,-1.2833,36.8167
289,2026-03-08 12:17:28,868428040514113,26.0,36.0,42.0,3.87,-1.0,31.5,53.2,100.0,1.0,-1.2833,36.8167
288,2026-03-08 12:17:17,868428040514113,26.0,36.0,42.0,3.87,-1.0,31.5,53.2,100.0,1.0,-1.2833,36.8167
287,2026-03-08 12:17:07,868428040514113,26.0,36.0,42.0,3.87,-1.0,31.5,53.2,100.0,1.0,-1.2833,36.8167
286,2026-03-08 12:16:57,868428040514113,26.0,36.0,42.0,3.87,-1.0,31.5,53.2,100.0,1.0,-1.2833,36.8167
285,2026-03-08 12:16:47,868428040514113,26.0,36.0,42.0,3.87,-1.0,31.5,53.2,100.0,1.0,-1.2833,36.8167
284,2026-03-08 12:16:37,868428040514113,26.0,36.0,42.0,3.87,-1.0,31.5,53.2,100.0,1.0,-1.2833,36.8167
283,2026-03-08 12:16:27,868428040514113,26.0,36.0,42.0,3.87,-1.0,31.5,53.2,100.0,1.0,-1.2833,36.8167
282,2026-03-08 12:16:17,868428040514113,26.0,36.0,42.0,3.87,-1.0,31.5,53.2,100.0,1.0,-1.2833,36.8167
281,2026-03-08 12:16:07,868428040514113,26.0,36.0,42.0,3.87,-1.0,31.5,53.2,100.0,1.0,-1.2833,36.8167
280,2026-03-08 12:15:57,868428040514113,26.0,36.0,42.0,3.87,-1.0,31.5,53.2,100.0,1.0,-1.2833,36.8167
279,2026-03-08 12:15:47,868428040514113,26.0,36.0,42.0,3.87,-1.0,31.5,53.2,100.0,1.0,-1.2833,36.8167
278,2026-03-08 12:15:37,868428040514113,26.0,36.0,42.0,3.87,-1.0,31.5,53.2,100.0,1.0,-1.2833,36.8167
277,2026-03-08 12:15:26,868428040514113,26.0,36.0,42.0,3.87,-1.0,31.5,53.2,100.0,1.0,-1.2833,36.8167
276,2026-03-08 12:15:16,868428040514113,26.0,36.0,42.0,3.87,-1.0,31.5,53.2,100.0,1.0,-1.2833,36.8167
275,2026-03-08 12:15:06,868428040514113,26.0,36.0,42.0,3.87,-1.0,31.5,53.2,100.0,1.0,-1.2833,36.8167
274,2026-03-08 12:14:56,868428040514113,26.0,36.0,42.0,3.87,-1.0,31.5,53.2,100.0,1.0,-1.2833,36.8167
273,2026-03-08 12:14:46,868428040514113,26.0,36.0,42.0,3.87,-1.0,31.5,53.2,100.0,1.0,-1.2833,36.8167
272,2026-03-08 12:14:36,868428040514113,26.0,36.0,42.0,3.87,-1.0,31.5,53.2,100.0,1.0,-1.2833,36.8167
271,2026-03-08 12:14:25,868428040514113,26.0,36.0,42.0,3.87,-1.0,31.5,53.2,100.0,1.0,-1.2833,36.8167
270,2026-03-08 12:14:15,868428040514113,26.0,36.0,42.0,3.87,-1.0,31.5,53.2,100.0,1.0,-1.2833,36.8167
269,2026-03-08 12:14:05,868428040514113,26.0,36.0,42.0,3.87,-1.0,31.5,53.2,100.0,1.0,-1.2833,36.8167
268,2026-03-08 12:13:55,868428040514113,26.0,36.0,42.0,3.87,-1.0,31.5,53.2,100.0,1.0,-1.2833,36.8167
267,2026-03-08 12:13:45,868428040514113,26.0,36.0,42.0,3.87,-1.0,31.5,53.2,100.0,1.0,-1.2833,36.8167
266,2026-03-08 12:13:35,868428040514113,26.0,36.0,42.0,3.87,-1.0,31.5,53.2,100.0,1.0,-1.2833,36.8167
265,2026-03-08 12:13:25,868428040514113,26.0,36.0,42.0,3.87,-1.0,31.5,53.2,100.0,1.0,-1.2833,36.8167
264,2026-03-08 12:13:14,868428040514113,26.0,36.0,42.0,3.87,-1.0,31.5,53.2,100.0,1.0,-1.2833,36.8167
263,2026-03-08 12:13:04,868428040514113,26.0,36.0,42.0,3.87,-1.0,31.5,53.2,100.0,1.0,-1.2833,36.8167
262,2026-03-08 12:12:54,868428040514113,26.0,36.0,42.0,3.87,-1.0,31.5,53.2,100.0,1.0,-1.2833,36.8167
261,2026-03-08 12:07:53,868428040514113,26.0,36.0,42.0,3.87,-1.0,31.7,53.1,100.0,1.0,-1.2833,36.8167
260,2026-03-08 12:02:53,868428040514113,26.0,36.0,42.0,3.23,-1.0,31.6,53.4,100.0,1.0,-1.2833,36.8167
259,2026-03-08 11:57:52,868428040514113,26.0,36.0,42.0,3.23,-1.0,31.5,53.3,100.0,1.0,-1.2833,36.8167
258,2026-03-08 11:52:52,868428040514113,26.0,36.0,42.0,3.87,-1.0,31.6,53.2,100.0,1.0,-1.2833,36.8167
257,2026-03-08 11:47:51,868428040514113,26.0,36.0,42.0,4.52,-1.0,31.5,53.0,100.0,1.0,-1.2833,36.8167
256,2026-03-08 11:42:51,868428040514113,26.0,36.0,42.0,4.52,-1.0,31.3,52.2,100.0,1.0,-1.2833,36.8167
255,2026-03-08 11:37:51,868428040514113,26.0,36.0,42.0,3.87,-1.0,31.2,51.9,100.0,1.0,-1.2833,36.8167
254,2026-03-08 11:32:50,868428040514113,26.0,36.0,42.0,3.87,-1.0,31.0,51.7,100.0,1.0,-1.2833,36.8167
253,2026-03-08 11:27:50,868428040514113,26.0,36.0,42.0,3.87,-1.0,30.8,51.7,100.0,1.0,-1.2833,36.8167
252,2026-03-08 11:22:49,868428040514113,26.0,36.0,42.0,3.87,-1.0,30.8,51.8,100.0,1.0,-1.2833,36.8167
251,2026-03-08 11:17:49,868428040514113,26.0,36.0,42.0,3.87,-1.0,30.7,52.0,100.0,1.0,-1.2833,36.8167
250,2026-03-08 11:12:49,868428040514113,26.0,36.0,42.0,3.87,-1.0,30.6,52.0,100.0,1.0,-1.2833,36.8167
249,2026-03-08 11:07:49,868428040514113,26.0,36.0,42.0,3.23,-1.0,30.6,52.1,100.0,1.0,-1.2833,36.8167
248,2026-03-08 11:02:48,868428040514113,26.0,36.0,42.0,3.87,-1.0,30.6,52.0,100.0,1.0,-1.2833,36.8167
247,2026-03-08 10:57:48,868428040514113,26.0,36.0,42.0,3.87,-1.0,30.6,52.1,100.0,1.0,-1.2833,36.8167
246,2026-03-08 10:52:47,868428040514113,26.0,36.0,42.0,3.23,-1.0,30.5,52.1,100.0,1.0,-1.2833,36.8167
245,2026-03-08 10:47:47,868428040514113,26.0,36.0,42.0,3.23,-1.0,30.5,52.1,100.0,1.0,-1.2833,36.8167
244,2026-03-08 10:42:47,868428040514113,26.0,36.0,42.0,3.23,-1.0,30.5,52.1,100.0,1.0,-1.2833,36.8167
243,2026-03-08 10:37:47,868428040514113,26.0,36.0,42.0,3.23,-1.0,30.5,52.2,100.0,1.0,-1.2833,36.8167
242,2026-03-08 10:32:46,868428040514113,26.0,36.0,42.0,3.23,-1.0,30.4,52.4,100.0,1.0,-1.2833,36.8167
241,2026-03-08 10:27:46,868428040514113,26.0,36.0,42.0,3.23,-1.0,30.5,52.3,100.0,1.0,-1.2833,36.8167
240,2026-03-08 10:22:45,868428040514113,26.0,36.0,42.0,3.87,-1.0,30.4,52.4,100.0,1.0,-1.2833,36.8167
239,2026-03-08 10:17:45,868428040514113,26.0,36.0,42.0,3.87,-1.0,30.4,52.4,100.0,1.0,-1.2833,36.8167
238,2026-03-08 10:12:45,868428040514113,26.0,36.0,42.0,3.23,-1.0,30.5,52.3,100.0,1.0,-1.2833,36.8167
237,2026-03-08 10:07:44,868428040514113,26.0,36.0,42.0,3.23,-1.0,30.4,52.4,100.0,1.0,-1.2833,36.8167
236,2026-03-08 10:02:44,868428040514113,26.0,36.0,42.0,3.23,-1.0,30.4,52.5,100.0,1.0,-1.2833,36.8167
235,2026-03-08 09:57:43,868428040514113,26.0,36.0,42.0,3.23,-1.0,30.5,52.3,100.0,1.0,-1.2833,36.8167
234,2026-03-08 09:52:43,868428040514113,26.0,36.0,42.0,3.87,-1.0,30.5,52.4,100.0,1.0,-1.2833,36.8167
233,2026-03-08 09:47:43,868428040514113,26.0,36.0,42.0,3.87,-1.0,30.5,52.4,100.0,1.0,-1.2833,36.8167
232,2026-03-08 09:42:42,868428040514113,26.0,36.0,42.0,3.87,-1.0,30.5,52.5,100.0,1.0,-1.2833,36.8167
231,2026-03-08 09:37:42,868428040514113,26.0,36.0,42.0,3.23,-1.0,30.5,52.6,100.0,1.0,-1.2833,36.8167
230,2026-03-08 09:32:42,868428040514113,26.0,36.0,42.0,3.23,-1.0,30.5,52.6,100.0,1.0,-1.2833,36.8167
229,2026-03-08 09:27:41,868428040514113,26.0,36.0,42.0,3.23,-1.0,30.5,52.6,100.0,1.0,-1.2833,36.8167
228,2026-03-08 09:22:41,868428040514113,26.0,36.0,42.0,3.23,-1.0,30.4,52.8,100.0,1.0,-1.2833,36.8167
227,2026-03-08 09:17:40,868428040514113,26.0,36.0,42.0,3.87,-1.0,30.4,52.8,100.0,1.0,-1.2833,36.8167
226,2026-03-08 09:12:40,868428040514113,26.0,36.0,42.0,3.23,-1.0,30.4,52.9,100.0,1.0,-1.2833,36.8167
225,2026-03-08 09:07:39,868428040514113,26.0,36.0,42.0,3.87,-1.0,30.4,52.9,100.0,1.0,-1.2833,36.8167
224,2026-03-08 09:02:38,868428040514113,26.0,36.0,42.0,3.23,-1.0,30.4,52.9,100.0,1.0,-1.2833,36.8167
223,2026-03-08 08:57:38,868428040514113,26.0,36.0,42.0,3.23,-1.0,30.3,52.9,100.0,1.0,-1.2833,36.8167
222,2026-03-08 08:52:37,868428040514113,26.0,36.0,42.0,3.87,-1.0,30.3,52.9,100.0,1.0,-1.2833,36.8167
221,2026-03-08 08:47:37,868428040514113,26.0,36.0,42.0,3.23,-1.0,30.4,52.9,100.0,1.0,-1.2833,36.8167
220,2026-03-08 08:42:37,868428040514113,26.0,36.0,42.0,3.23,-1.0,30.3,53.0,100.0,1.0,-1.2833,36.8167
219,2026-03-08 08:37:36,868428040514113,26.0,36.0,42.0,3.87,-1.0,30.3,53.0,100.0,1.0,-1.2833,36.8167
218,2026-03-08 08:32:37,868428040514113,23.0,35.0,42.0,3.87,-1.0,30.4,53.1,100.0,1.0,-1.2833,36.8167
217,2026-03-08 08:27:36,868428040514113,23.0,35.0,42.0,3.23,-1.0,30.3,53.3,100.0,1.0,-1.2833,36.8167
216,2026-03-08 08:22:36,868428040514113,23.0,35.0,42.0,3.23,-1.0,30.3,53.3,100.0,1.0,-1.2833,36.8167
215,2026-03-08 08:17:35,868428040514113,23.0,35.0,42.0,3.23,1085.0,30.2,53.4,100.0,1.0,-1.2833,36.8167
214,2026-03-08 08:12:34,868428040514113,23.0,35.0,42.0,3.87,1170.0,30.2,53.5,100.0,1.0,-1.2833,36.8167
213,2026-03-08 08:07:34,868428040514113,23.0,35.0,42.0,3.87,1210.0,30.2,53.6,100.0,1.0,-1.2833,36.8167
212,2026-03-08 08:02:34,868428040514113,23.0,35.0,42.0,3.87,1108.0,30.3,53.5,100.0,1.0,-1.2833,36.8167
211,2026-03-08 07:57:34,868428040514113,23.0,35.0,42.0,3.23,1219.0,30.3,53.3,100.0,1.0,-1.2833,36.8167
210,2026-03-08 07:52:33,868428040514113,23.0,35.0,42.0,3.23,1194.0,30.4,53.3,100.0,1.0,-1.2833,36.8167
209,2026-03-08 07:47:33,868428040514113,23.0,35.0,42.0,3.23,1079.0,30.5,53.1,100.0,1.0,-1.2833,36.8167
208,2026-03-08 07:41:18,868428040514113,23.0,36.0,42.0,0.0,971.0,30.2,53.7,100.0,1.0,-1.2833,36.8167
207,2026-03-08 07:40:45,868428040514113,23.0,36.0,42.0,0.0,1464.0,30.3,53.6,100.0,1.0,-1.2833,36.8167
206,2026-03-08 07:40:13,868428040514113,23.0,36.0,42.0,0.0,1141.0,30.3,53.5,100.0,1.0,-1.2833,36.8167
205,2026-03-08 07:39:40,868428040514113,23.0,36.0,42.0,0.0,947.0,30.2,53.6,100.0,1.0,-1.2833,36.8167
204,2026-03-08 07:39:08,868428040514113,23.0,36.0,42.0,0.0,-1.0,30.3,53.5,100.0,1.0,-1.2833,36.8167
203,2026-03-08 07:38:36,868428040514113,23.0,36.0,42.0,0.0,-1.0,30.2,53.6,100.0,1.0,-1.2833,36.8167
202,2026-03-08 07:38:03,868428040514113,23.0,36.0,42.0,0.0,-1.0,30.2,53.5,100.0,1.0,-1.2833,36.8167
201,2026-03-08 07:37:31,868428040514113,23.0,36.0,42.0,0.65,-1.0,30.2,53.4,100.0,1.0,-1.2833,36.8167
200,2026-03-08 07:36:59,868428040514113,23.0,36.0,42.0,1.94,-1.0,30.2,53.4,100.0,1.0,-1.2833,36.8167
199,2026-03-08 07:22:00,868428040514113,26.0,39.0,46.0,1.29,1105.0,30.3,54.9,100.0,1.0,0.0,0.0
198,2026-03-08 07:07:21,http-test,,10.0,,,400.0,25.0,50.0,,,,
197,2026-03-08 07:03:40,curl-test-upload-check,12.0,28.0,35.0,0.15,520.0,26.5,55.0,110.0,5.0,-1.2833,36.8167
196,2026-03-08 06:52:01,868428040514113,32.0,47.0,57.0,0.65,1201.0,29.9,57.1,100.0,1.0,0.0,0.0
195,2026-03-07 23:55:37,TEST_WEBHOOK,,15.5,30.2,,400.0,25.5,60.0,,,-1.2921,36.8219
194,2026-03-07 23:31:09,868428040514113,0.0,0.0,0.0,1.29,0.0,28.1,62.6,100.0,1.0,0.0,0.0
193,2026-03-07 23:30:09,868428040514113,0.0,0.0,0.0,1.29,0.0,28.1,62.6,100.0,1.0,0.0,0.0
192,2026-03-07 23:29:09,868428040514113,0.0,0.0,0.0,1.29,0.0,28.1,62.8,100.0,1.0,0.0,0.0
191,2026-03-07 23:28:10,868428040514113,0.0,0.0,0.0,1.29,0.0,28.0,63.0,100.0,1.0,0.0,0.0
190,2026-03-07 23:27:09,868428040514113,0.0,0.0,0.0,1.94,0.0,28.0,63.0,100.0,1.0,0.0,0.0
189,2026-03-07 23:26:09,868428040514113,0.0,0.0,0.0,1.29,0.0,28.0,63.0,100.0,1.0,0.0,0.0
188,2026-03-07 23:25:09,868428040514113,0.0,0.0,0.0,1.29,0.0,28.0,63.1,100.0,1.0,0.0,0.0
187,2026-03-07 23:24:09,868428040514113,0.0,0.0,0.0,1.29,0.0,28.0,63.3,100.0,1.0,0.0,0.0
186,2026-03-07 23:23:09,868428040514113,0.0,0.0,0.0,0.65,0.0,28.0,63.5,100.0,1.0,0.0,0.0
185,2026-03-07 23:22:09,868428040514113,0.0,0.0,0.0,1.29,0.0,27.9,63.6,100.0,1.0,0.0,0.0
184,2026-03-07 23:21:08,868428040514113,0.0,0.0,0.0,1.29,0.0,27.9,63.8,100.0,1.0,0.0,0.0
183,2026-03-07 23:20:08,868428040514113,0.0,0.0,0.0,1.29,0.0,27.8,64.1,100.0,1.0,0.0,0.0
182,2026-03-07 23:19:08,868428040514113,0.0,0.0,0.0,1.29,0.0,27.7,64.4,100.0,1.0,0.0,0.0
181,2026-03-07 23:18:08,868428040514113,0.0,0.0,0.0,1.29,0.0,27.6,64.7,100.0,1.0,0.0,0.0
180,2026-03-07 23:17:08,868428040514113,0.0,0.0,0.0,1.29,0.0,27.6,65.0,100.0,1.0,0.0,0.0
179,2026-03-07 23:16:08,868428040514113,0.0,0.0,0.0,1.29,0.0,27.4,65.4,100.0,1.0,0.0,0.0
178,2026-03-07 23:15:08,868428040514113,0.0,0.0,0.0,1.29,0.0,27.4,65.6,100.0,1.0,0.0,0.0
177,2026-03-07 23:14:07,868428040514113,0.0,0.0,0.0,1.29,0.0,27.2,65.7,100.0,1.0,0.0,0.0
176,2026-03-07 23:13:08,868428040514113,0.0,0.0,0.0,1.94,0.0,27.2,65.7,100.0,1.0,0.0,0.0
175,2026-03-07 23:12:07,868428040514113,0.0,0.0,0.0,1.29,0.0,27.2,65.5,100.0,1.0,0.0,0.0
174,2026-03-07 23:11:07,868428040514113,0.0,0.0,0.0,1.29,0.0,27.2,65.4,100.0,1.0,0.0,0.0
173,2026-03-07 21:54:49,Confirm-Online-05,8.0,16.0,24.0,0.12,440.0,24.8,47.0,100.0,1.0,,
172,2026-03-07 21:51:13,Manual-CURL-Test-04,2.0,4.0,6.0,0.05,430.0,23.0,45.0,100.0,1.0,,
171,2026-03-07 21:41:11,Manual-CURL-Test-03,7.0,14.0,21.0,0.1,420.0,24.5,49.0,100.0,1.0,,
170,2026-03-07 21:40:35,Manual-CURL-Test-02,5.0,10.0,15.0,0.1,410.0,24.0,48.0,100.0,1.0,,
169,2026-03-07 21:21:42,868428040514113,37.0,51.0,62.0,0.65,1043.0,27.4,60.9,100.0,1.0,,
168,2026-03-07 21:20:42,868428040514113,37.0,51.0,62.0,0.0,1043.0,27.4,61.0,100.0,1.0,,
167,2026-03-07 21:19:42,868428040514113,37.0,51.0,62.0,0.65,1043.0,27.4,61.1,100.0,1.0,,
166,2026-03-07 21:19:18,curl-test-99,10.0,20.0,30.0,0.1,400.0,25.0,50.0,100.0,1.0,,
165,2026-03-07 21:18:42,868428040514113,37.0,51.0,62.0,0.0,1043.0,27.3,61.2,100.0,1.0,,
164,2026-03-07 21:17:49,868428040514113,37.0,51.0,62.0,0.0,1043.0,27.3,61.0,100.0,1.0,,
163,2026-03-07 21:16:41,868428040514113,37.0,51.0,62.0,0.0,1043.0,27.4,60.9,100.0,1.0,,
162,2026-03-07 21:15:42,868428040514113,37.0,51.0,62.0,0.0,1043.0,27.4,61.0,100.0,1.0,,
161,2026-03-07 21:14:41,868428040514113,37.0,51.0,62.0,0.0,1043.0,27.4,61.0,100.0,1.0,,
160,2026-03-07 21:13:41,868428040514113,37.0,51.0,62.0,0.0,1043.0,27.3,61.0,100.0,1.0,,
159,2026-03-07 21:12:41,868428040514113,37.0,51.0,62.0,0.0,1043.0,27.3,61.1,100.0,1.0,,
158,2026-03-07 21:11:41,868428040514113,37.0,51.0,62.0,0.0,1043.0,27.3,61.1,100.0,1.0,,
157,2026-03-07 21:10:41,868428040514113,37.0,51.0,62.0,0.0,1043.0,27.3,61.0,100.0,1.0,,
156,2026-03-07 21:09:41,868428040514113,37.0,51.0,62.0,0.0,1043.0,27.3,60.9,100.0,1.0,,
155,2026-03-07 21:08:41,868428040514113,37.0,51.0,62.0,0.0,1043.0,27.4,60.8,100.0,1.0,,
154,2026-03-07 21:07:41,868428040514113,37.0,51.0,62.0,0.0,1043.0,27.5,60.7,100.0,1.0,,
153,2026-03-07 21:06:40,868428040514113,37.0,51.0,62.0,0.0,1043.0,27.5,60.7,100.0,1.0,,
152,2026-03-07 21:05:40,868428040514113,37.0,51.0,62.0,0.0,1043.0,27.6,60.6,100.0,1.0,,
151,2026-03-07 21:04:40,868428040514113,37.0,51.0,62.0,0.0,1043.0,27.5,60.7,100.0,1.0,,
150,2026-03-07 21:03:40,868428040514113,37.0,51.0,62.0,0.0,1043.0,27.5,60.5,100.0,1.0,,
149,2026-03-07 21:02:40,868428040514113,37.0,51.0,62.0,0.0,1043.0,27.6,60.5,100.0,1.0,,
148,2026-03-07 21:01:40,868428040514113,37.0,51.0,62.0,0.0,1043.0,27.6,60.6,100.0,1.0,,
147,2026-03-07 21:00:40,868428040514113,37.0,51.0,62.0,0.0,1043.0,27.6,60.5,100.0,1.0,,
146,2026-03-07 20:59:45,868428040514113,37.0,51.0,62.0,0.0,1043.0,27.6,60.5,100.0,1.0,,
145,2026-03-07 20:58:40,868428040514113,37.0,51.0,62.0,0.0,1043.0,27.6,60.5,100.0,1.0,,
144,2026-03-07 20:57:39,868428040514113,37.0,51.0,62.0,0.65,1043.0,27.6,60.6,100.0,1.0,,
143,2026-03-07 20:56:39,868428040514113,37.0,51.0,62.0,0.65,1043.0,27.6,60.6,100.0,1.0,,
142,2026-03-07 20:55:39,868428040514113,37.0,51.0,62.0,0.0,1043.0,27.6,60.5,100.0,1.0,,
141,2026-03-07 20:54:39,868428040514113,37.0,51.0,62.0,0.65,1043.0,27.6,60.5,100.0,1.0,,
140,2026-03-07 20:53:39,868428040514113,37.0,51.0,62.0,0.65,1043.0,27.6,60.6,100.0,1.0,,
139,2026-03-07 20:52:39,868428040514113,37.0,51.0,62.0,0.65,1043.0,27.6,60.5,100.0,1.0,,
138,2026-03-07 20:51:39,868428040514113,37.0,51.0,62.0,0.65,1043.0,27.6,60.5,100.0,1.0,,
137,2026-03-07 20:50:39,868428040514113,37.0,51.0,62.0,0.65,1043.0,27.5,60.7,100.0,1.0,,
136,2026-03-07 20:49:39,868428040514113,37.0,51.0,62.0,0.65,1043.0,27.6,60.6,100.0,1.0,,
135,2026-03-07 20:48:38,868428040514113,37.0,51.0,62.0,0.65,1043.0,27.5,60.7,100.0,1.0,,
134,2026-03-07 20:47:38,868428040514113,37.0,51.0,62.0,0.65,1043.0,27.5,60.7,100.0,1.0,,
133,2026-03-07 20:46:38,868428040514113,37.0,51.0,62.0,0.0,1043.0,27.5,60.8,100.0,1.0,,
132,2026-03-07 20:45:38,868428040514113,37.0,51.0,62.0,0.65,1043.0,27.5,60.8,100.0,1.0,,
131,2026-03-07 20:44:39,868428040514113,37.0,51.0,62.0,0.65,1043.0,27.5,60.8,100.0,1.0,,
130,2026-03-07 20:43:40,868428040514113,37.0,51.0,62.0,0.0,1043.0,27.5,60.7,100.0,1.0,,
129,2026-03-07 20:42:38,868428040514113,37.0,51.0,62.0,0.0,1043.0,27.5,60.8,100.0,1.0,,
128,2026-03-07 20:41:38,868428040514113,37.0,51.0,62.0,0.0,1043.0,27.5,60.7,100.0,1.0,,
127,2026-03-07 20:40:37,868428040514113,37.0,51.0,62.0,0.0,1043.0,27.5,60.8,100.0,1.0,,
126,2026-03-07 20:39:38,868428040514113,37.0,51.0,62.0,0.0,1043.0,27.5,60.7,100.0,1.0,,
125,2026-03-07 20:38:37,868428040514113,37.0,51.0,62.0,0.0,1043.0,27.5,60.8,100.0,1.0,,
124,2026-03-07 20:37:38,868428040514113,37.0,51.0,62.0,0.0,1043.0,27.5,60.7,100.0,1.0,,
123,2026-03-07 20:36:37,868428040514113,37.0,51.0,62.0,0.0,1043.0,27.5,60.8,100.0,1.0,,
122,2026-03-07 20:35:37,868428040514113,37.0,51.0,62.0,0.0,1043.0,27.5,60.7,100.0,1.0,,
121,2026-03-07 20:34:37,868428040514113,37.0,51.0,62.0,0.0,1043.0,27.5,60.5,100.0,1.0,,
120,2026-03-07 20:33:37,868428040514113,37.0,51.0,62.0,0.0,1043.0,27.6,60.7,100.0,1.0,,
119,2026-03-07 20:32:37,868428040514113,37.0,51.0,62.0,0.0,1043.0,27.5,60.7,100.0,1.0,,
118,2026-03-07 20:31:37,868428040514113,37.0,51.0,62.0,0.0,1043.0,27.6,60.7,100.0,1.0,,
117,2026-03-07 20:30:36,868428040514113,37.0,51.0,62.0,0.0,1043.0,27.5,60.7,100.0,1.0,,
116,2026-03-07 20:29:39,868428040514113,37.0,51.0,62.0,0.0,1043.0,27.5,60.7,100.0,1.0,,
115,2026-03-07 20:28:36,868428040514113,37.0,51.0,62.0,0.0,1043.0,27.5,60.7,100.0,1.0,,
114,2026-03-07 20:27:36,868428040514113,37.0,51.0,62.0,0.0,1043.0,27.5,60.9,100.0,1.0,,
113,2026-03-07 20:26:36,868428040514113,37.0,51.0,62.0,0.0,1043.0,27.5,60.9,100.0,1.0,,
112,2026-03-07 20:25:36,868428040514113,37.0,51.0,62.0,0.0,1043.0,27.4,61.0,100.0,1.0,,
111,2026-03-07 20:24:36,868428040514113,37.0,51.0,62.0,0.0,1043.0,27.4,60.9,100.0,1.0,,
110,2026-03-07 20:23:36,868428040514113,37.0,51.0,62.0,0.0,1043.0,27.4,60.9,100.0,1.0,,
109,2026-03-07 20:22:35,868428040514113,37.0,51.0,62.0,0.65,1043.0,27.5,60.8,100.0,1.0,,
108,2026-03-07 20:21:36,868428040514113,37.0,51.0,62.0,0.0,1043.0,27.4,60.9,100.0,1.0,,
107,2026-03-07 20:20:37,868428040514113,37.0,51.0,62.0,0.0,1043.0,27.4,60.9,100.0,1.0,,
106,2026-03-07 20:19:35,868428040514113,37.0,51.0,62.0,0.0,1043.0,27.5,60.6,100.0,1.0,,
105,2026-03-07 20:18:35,868428040514113,37.0,51.0,62.0,0.0,1043.0,27.5,60.6,100.0,1.0,,
104,2026-03-07 20:17:36,868428040514113,37.0,51.0,62.0,0.65,1043.0,27.5,60.6,100.0,1.0,,
103,2026-03-07 20:16:35,868428040514113,37.0,51.0,62.0,0.0,1043.0,27.5,60.6,100.0,1.0,,
102,2026-03-07 20:15:35,868428040514113,37.0,51.0,62.0,0.0,1043.0,27.6,60.6,100.0,1.0,,
101,2026-03-07 20:14:35,868428040514113,37.0,51.0,62.0,0.0,1043.0,27.5,60.7,100.0,1.0,,
100,2026-03-07 20:13:34,868428040514113,37.0,51.0,62.0,0.0,1043.0,27.5,60.7,100.0,1.0,,
99,2026-03-07 20:12:34,868428040514113,37.0,51.0,62.0,0.0,1043.0,27.5,60.6,100.0,1.0,,
98,2026-03-07 20:11:34,868428040514113,37.0,51.0,62.0,0.0,1043.0,27.5,60.7,100.0,1.0,,
97,2026-03-07 20:10:34,868428040514113,37.0,51.0,62.0,0.0,1043.0,27.5,60.4,100.0,1.0,,
96,2026-03-07 20:09:35,868428040514113,37.0,51.0,62.0,0.0,1043.0,27.6,60.6,100.0,1.0,,
95,2026-03-07 20:08:34,868428040514113,37.0,51.0,62.0,0.0,1043.0,27.5,60.7,100.0,1.0,,
94,2026-03-07 20:07:34,868428040514113,37.0,51.0,62.0,0.0,1043.0,27.6,60.5,100.0,1.0,,
93,2026-03-07 20:06:34,868428040514113,37.0,51.0,62.0,0.0,1043.0,27.6,60.6,100.0,1.0,,
92,2026-03-07 20:05:34,868428040514113,37.0,51.0,62.0,0.0,1043.0,27.6,60.6,100.0,1.0,,
91,2026-03-07 20:04:34,868428040514113,37.0,51.0,62.0,0.0,1043.0,27.6,60.6,100.0,1.0,,
90,2026-03-07 20:03:34,868428040514113,37.0,51.0,62.0,0.0,1043.0,27.6,60.6,100.0,1.0,,
89,2026-03-07 20:02:33,868428040514113,37.0,51.0,62.0,0.0,1013.0,27.6,60.7,100.0,1.0,,
88,2026-03-07 20:01:33,868428040514113,37.0,51.0,62.0,0.0,1093.0,27.5,60.6,100.0,1.0,,
87,2026-03-07 20:00:34,868428040514113,37.0,51.0,62.0,0.0,1055.0,27.5,60.7,100.0,1.0,,
86,2026-03-07 19:59:35,868428040514113,37.0,51.0,62.0,0.0,993.0,27.6,60.7,100.0,1.0,,
85,2026-03-07 19:58:34,868428040514113,37.0,51.0,62.0,0.0,967.0,27.5,60.8,100.0,1.0,,
84,2026-03-07 19:57:33,868428040514113,37.0,51.0,62.0,0.0,991.0,27.5,60.8,100.0,1.0,,
83,2026-03-07 19:56:34,868428040514113,37.0,51.0,62.0,0.0,1028.0,27.5,60.7,100.0,1.0,,
82,2026-03-07 19:55:33,868428040514113,37.0,51.0,62.0,0.0,1095.0,27.5,60.7,100.0,1.0,,
81,2026-03-07 19:54:33,868428040514113,37.0,51.0,62.0,0.0,1041.0,27.5,60.7,100.0,1.0,,
80,2026-03-07 19:53:33,868428040514113,37.0,51.0,62.0,0.0,997.0,27.5,60.8,100.0,1.0,,
79,2026-03-07 19:52:33,868428040514113,37.0,51.0,62.0,0.0,1031.0,27.5,60.8,100.0,1.0,,
78,2026-03-07 19:51:33,868428040514113,37.0,51.0,62.0,0.0,1038.0,27.5,60.8,100.0,1.0,,
77,2026-03-07 19:50:33,868428040514113,37.0,51.0,62.0,0.0,997.0,27.5,60.7,100.0,1.0,,
76,2026-03-07 19:49:32,868428040514113,37.0,51.0,62.0,0.0,979.0,27.5,60.7,100.0,1.0,,
75,2026-03-07 19:48:32,868428040514113,37.0,51.0,62.0,0.0,955.0,27.5,60.7,100.0,1.0,,
74,2026-03-07 19:47:32,868428040514113,37.0,51.0,62.0,0.0,1004.0,27.5,60.7,100.0,1.0,,
73,2026-03-07 19:46:32,868428040514113,37.0,51.0,62.0,0.0,988.0,27.5,60.7,100.0,1.0,,
72,2026-03-07 19:45:32,868428040514113,37.0,51.0,62.0,0.0,1024.0,27.6,60.7,100.0,1.0,,
71,2026-03-07 19:44:32,868428040514113,37.0,51.0,62.0,0.0,978.0,27.5,60.8,100.0,1.0,,
70,2026-03-07 19:43:33,868428040514113,37.0,51.0,62.0,0.0,985.0,27.5,60.8,100.0,1.0,,
69,2026-03-07 19:42:32,868428040514113,37.0,51.0,62.0,0.0,983.0,27.6,60.8,100.0,1.0,,
68,2026-03-07 19:41:31,868428040514113,37.0,51.0,62.0,0.0,985.0,27.5,60.8,100.0,1.0,,
67,2026-03-07 19:40:31,868428040514113,37.0,51.0,62.0,0.0,989.0,27.5,60.7,100.0,1.0,,
66,2026-03-07 19:39:31,868428040514113,37.0,51.0,62.0,0.0,989.0,27.5,60.7,100.0,1.0,,
65,2026-03-07 19:38:32,868428040514113,37.0,51.0,62.0,0.0,988.0,27.6,60.9,100.0,1.0,,
64,2026-03-07 19:37:31,868428040514113,37.0,51.0,62.0,0.0,983.0,27.5,60.7,100.0,1.0,,
63,2026-03-07 19:36:31,868428040514113,37.0,51.0,62.0,0.0,997.0,27.5,60.9,100.0,1.0,,
62,2026-03-07 19:35:31,868428040514113,37.0,51.0,62.0,0.0,970.0,27.4,61.0,100.0,1.0,,
61,2026-03-07 19:34:31,868428040514113,37.0,51.0,62.0,0.0,982.0,27.4,60.9,100.0,1.0,,
60,2026-03-07 19:33:31,868428040514113,37.0,51.0,62.0,0.0,979.0,27.4,61.0,100.0,1.0,,
59,2026-03-07 19:32:31,868428040514113,37.0,51.0,62.0,0.0,961.0,27.4,61.0,100.0,1.0,,
58,2026-03-07 19:31:30,868428040514113,37.0,51.0,62.0,0.0,966.0,27.4,60.9,100.0,1.0,,
57,2026-03-07 19:30:30,868428040514113,37.0,51.0,62.0,0.0,974.0,27.4,61.0,100.0,1.0,,
56,2026-03-07 19:29:30,868428040514113,37.0,51.0,62.0,0.0,968.0,27.4,60.8,100.0,1.0,,
55,2026-03-07 19:28:31,868428040514113,37.0,51.0,62.0,0.0,996.0,27.4,60.6,100.0,1.0,,
54,2026-03-07 19:27:30,868428040514113,37.0,51.0,62.0,0.0,930.0,27.6,60.6,100.0,1.0,,
53,2026-03-07 19:26:30,868428040514113,37.0,51.0,62.0,0.65,955.0,27.6,60.7,100.0,1.0,,
52,2026-03-07 19:25:30,868428040514113,37.0,51.0,62.0,0.0,934.0,27.6,60.6,100.0,1.0,,
51,2026-03-07 19:24:30,868428040514113,37.0,51.0,62.0,0.65,0.0,27.6,60.7,100.0,1.0,,
50,2026-03-07 19:23:29,868428040514113,37.0,51.0,62.0,0.65,0.0,27.6,60.6,100.0,1.0,,
49,2026-03-07 19:22:30,868428040514113,37.0,51.0,62.0,0.0,0.0,27.6,60.7,100.0,1.0,,
48,2026-03-07 19:20:31,868428040514113,37.0,52.0,63.0,0.65,945.0,27.6,60.8,100.0,1.0,,
47,2026-03-07 19:19:31,868428040514113,37.0,52.0,63.0,0.0,966.0,27.5,60.9,100.0,1.0,,
46,2026-03-07 19:18:30,868428040514113,37.0,52.0,63.0,0.0,938.0,27.5,60.8,100.0,1.0,,
45,2026-03-07 19:17:29,868428040514113,37.0,52.0,63.0,0.0,959.0,27.5,60.9,100.0,1.0,,
44,2026-03-07 19:16:30,868428040514113,37.0,52.0,63.0,0.65,940.0,27.5,60.9,100.0,1.0,,
43,2026-03-07 19:15:29,868428040514113,37.0,52.0,63.0,0.65,928.0,27.5,60.9,100.0,1.0,,
42,2026-03-07 19:14:29,868428040514113,37.0,52.0,63.0,0.65,958.0,27.5,60.7,100.0,1.0,,
41,2026-03-07 19:13:29,868428040514113,37.0,52.0,63.0,0.0,960.0,27.5,60.7,100.0,1.0,,
40,2026-03-07 19:12:29,868428040514113,37.0,52.0,63.0,0.0,964.0,27.6,60.5,100.0,1.0,,
39,2026-03-07 19:11:29,868428040514113,37.0,52.0,63.0,0.65,954.0,27.6,60.7,100.0,1.0,,
38,2026-03-07 19:10:29,868428040514113,37.0,52.0,63.0,0.65,971.0,27.5,60.6,100.0,1.0,,
37,2026-03-07 19:09:29,868428040514113,37.0,52.0,63.0,0.65,961.0,27.6,60.9,100.0,1.0,,
36,2026-03-07 19:08:28,868428040514113,37.0,52.0,63.0,0.65,981.0,27.5,60.8,100.0,1.0,,
35,2026-03-07 19:07:29,868428040514113,37.0,52.0,63.0,0.65,954.0,27.5,60.9,100.0,1.0,,
34,2026-03-07 19:06:28,868428040514113,37.0,52.0,63.0,0.0,926.0,27.5,61.0,100.0,1.0,,
33,2026-03-07 19:05:28,868428040514113,37.0,52.0,63.0,0.65,958.0,27.4,61.1,100.0,1.0,,
32,2026-03-07 19:04:30,868428040514113,37.0,52.0,63.0,0.65,927.0,27.5,61.1,100.0,1.0,,
31,2026-03-07 19:03:28,868428040514113,37.0,52.0,63.0,0.65,939.0,27.5,61.3,100.0,1.0,,
30,2026-03-07 19:02:29,868428040514113,37.0,52.0,63.0,0.65,957.0,27.4,61.4,100.0,1.0,,
29,2026-03-07 19:01:29,868428040514113,37.0,52.0,63.0,0.65,964.0,27.4,61.4,100.0,1.0,,
28,2026-03-07 19:00:30,868428040514113,37.0,52.0,63.0,0.0,939.0,27.4,61.5,100.0,1.0,,
27,2026-03-07 18:59:28,868428040514113,37.0,52.0,63.0,0.65,935.0,27.3,61.4,100.0,1.0,,
26,2026-03-07 18:58:28,868428040514113,37.0,52.0,63.0,0.0,968.0,27.3,61.4,100.0,1.0,,
25,2026-03-07 18:57:28,868428040514113,37.0,52.0,63.0,0.65,919.0,27.3,61.4,100.0,1.0,,
24,2026-03-07 18:56:28,868428040514113,37.0,52.0,63.0,0.0,940.0,27.3,61.4,100.0,1.0,,
23,2026-03-07 18:55:28,868428040514113,37.0,52.0,63.0,0.0,0.0,27.3,61.5,100.0,1.0,,
22,2026-03-07 18:54:28,868428040514113,37.0,52.0,63.0,0.0,0.0,27.3,61.4,100.0,1.0,,
21,2026-03-07 18:52:03,868428040514113,38.0,53.0,66.0,0.65,0.0,27.3,61.5,100.0,1.0,,
20,2026-03-07 18:43:27,868428040514113,39.0,52.0,63.0,0.0,-1.0,27.2,61.8,100.0,1.0,,
19,2026-03-07 18:42:27,868428040514113,39.0,52.0,63.0,0.0,-1.0,27.2,61.9,100.0,1.0,,
18,2026-03-07 18:40:04,868428040514113,38.0,51.0,63.0,0.0,-1.0,27.2,62.0,100.0,1.0,,
17,2026-03-07 18:39:04,868428040514113,38.0,51.0,63.0,0.0,-1.0,27.1,62.1,100.0,1.0,,
16,2026-03-07 18:38:09,868428040514113,38.0,51.0,63.0,0.0,-1.0,27.2,62.0,100.0,1.0,,
15,2026-03-07 18:37:03,868428040514113,38.0,51.0,63.0,0.0,-1.0,27.2,62.0,100.0,1.0,,
14,2026-03-07 18:36:02,868428040514113,38.0,51.0,63.0,0.0,923.0,27.1,62.2,100.0,1.0,,
13,2026-03-07 18:35:36,PA-Relay-Test-New,,12.2,,,,,,,,,
12,2026-03-07 18:35:02,868428040514113,38.0,51.0,63.0,0.0,903.0,27.0,62.1,100.0,1.0,,
11,2026-03-07 18:34:47,PA-Relay-Test,,11.1,,,,,,,,,
10,2026-03-07 18:34:03,868428040514113,38.0,51.0,63.0,0.0,899.0,27.1,62.0,100.0,1.0,,
9,2026-03-07 18:33:02,868428040514113,38.0,51.0,63.0,0.0,911.0,27.0,62.0,100.0,1.0,,
8,2026-03-07 18:32:02,868428040514113,38.0,51.0,63.0,0.0,890.0,27.1,61.8,100.0,1.0,,
7,2026-03-07 18:31:03,868428040514113,38.0,51.0,63.0,0.0,926.0,27.2,61.9,100.0,1.0,,
6,2026-03-07 18:30:02,868428040514113,38.0,51.0,63.0,0.0,902.0,27.2,61.7,100.0,1.0,,
5,2026-03-07 18:29:02,868428040514113,38.0,51.0,63.0,0.0,906.0,27.2,61.8,100.0,1.0,,
4,2026-03-07 18:28:02,868428040514113,38.0,51.0,63.0,0.0,-1.0,27.3,61.8,100.0,1.0,,
3,2026-03-07 18:27:02,868428040514113,38.0,51.0,63.0,0.65,-1.0,27.3,61.6,100.0,1.0,,
2,2026-03-07 18:24:54,868428040514113,37.0,53.0,65.0,0.65,-1.0,27.2,61.9,100.0,1.0,,
1,2026-03-07 18:23:54,868428040514113,37.0,53.0,65.0,0.65,-1.0,27.2,62.0,100.0,1.0,,
1590,2004-01-01 10:15:56,868428040514113,72.0,105.0,108.0,1.29,2112.0,32.7,47.6,100.0,1.0,-1.2833,36.8167
1601,2004-01-01 00:19:26,868428040514113,63.0,90.0,90.0,2.58,-1.0,32.9,47.6,100.0,1.0,-1.2833,36.8167
1600,2004-01-01 00:17:30,868428040514113,63.0,97.0,100.0,3.23,-1.0,32.9,47.5,100.0,1.0,-1.2833,36.8167
1137,2000-01-01 01:17:50,868428040514113,26.0,39.0,45.0,1.94,-1.0,31.0,51.2,100.0,1.0,-1.2833,36.8167
1136,2000-01-01 01:12:49,868428040514113,27.0,41.0,50.0,1.94,840.0,31.0,51.0,100.0,1.0,-1.2833,36.8167
1599,2000-01-01 00:15:46,868428040514113,62.0,90.0,91.0,0.0,1973.0,32.9,47.6,100.0,1.0,-1.2833,36.8167
1598,2000-01-01 00:15:13,868428040514113,62.0,90.0,91.0,0.0,2029.0,33.0,47.5,100.0,1.0,-1.2833,36.8167
1597,2000-01-01 00:14:41,868428040514113,62.0,90.0,91.0,0.0,2004.0,32.9,47.6,100.0,1.0,-1.2833,36.8167
1596,2000-01-01 00:14:08,868428040514113,62.0,90.0,91.0,0.0,1982.0,32.9,47.6,100.0,1.0,-1.2833,36.8167
1595,2000-01-01 00:13:36,868428040514113,62.0,90.0,91.0,0.0,-1.0,32.9,47.6,100.0,1.0,-1.2833,36.8167
1594,2000-01-01 00:13:03,868428040514113,62.0,90.0,91.0,0.0,-1.0,32.9,47.6,100.0,1.0,-1.2833,36.8167
1593,2000-01-01 00:12:31,868428040514113,62.0,90.0,91.0,0.65,-1.0,32.9,47.6,100.0,1.0,-1.2833,36.8167
1592,2000-01-01 00:11:58,868428040514113,62.0,90.0,91.0,2.58,-1.0,32.9,47.5,100.0,1.0,-1.2833,36.8167
1591,2000-01-01 00:11:26,868428040514113,62.0,90.0,91.0,3.23,-1.0,32.9,47.5,100.0,1.0,-1.2833,36.8167
